Datum;Uhrzeit;S1/2 - Solar;S7/2 - Temp. Aussen
2020-04-01;00:04:20;-3,8;-2,6
2020-04-01;00:09:20;-3,9;-2,6
2020-04-01;00:14:20;-3,9;-2,6
2020-04-01;00:19:20;-4;-2,7
2020-04-01;00:24:20;-4,1;-2,7
2020-04-01;00:29:20;-4,1;-2,7
2020-04-01;00:34:20;-4,1;-2,8
2020-04-01;00:39:20;-4,1;-2,9
2020-04-01;00:44:20;-4,3;-2,9
2020-04-01;00:49:20;-4,2;-2,9
2020-04-01;00:54:20;-4,3;-3
2020-04-01;00:59:20;-4,3;-3
2020-04-01;01:04:20;-4,5;-3,1
2020-04-01;01:09:20;-4,4;-3,1
2020-04-01;01:14:20;-4,5;-3,2
2020-04-01;01:19:20;-4,5;-3,2
2020-04-01;01:24:20;-4,6;-3,2
2020-04-01;01:29:20;-4,6;-3,3
2020-04-01;01:34:20;-4,6;-3,4
2020-04-01;01:39:20;-4,7;-3,5
2020-04-01;01:44:20;-4,7;-3,6
2020-04-01;01:49:20;-4,8;-3,6
2020-04-01;01:54:20;-4,9;-3,7
2020-04-01;01:59:20;-4,9;-3,7
2020-04-01;02:04:20;-5;-3,7
2020-04-01;02:09:20;-5,1;-3,7
2020-04-01;02:14:20;-5,1;-3,7
2020-04-01;02:19:20;-5,1;-3,8
2020-04-01;02:24:20;-5,2;-3,9
2020-04-01;02:29:20;-5,2;-4
2020-04-01;02:34:20;-5,2;-4
2020-04-01;02:39:20;-5,2;-4,1
2020-04-01;02:44:20;-5,3;-4,2
2020-04-01;02:49:20;-5,3;-4,2
2020-04-01;02:54:20;-5,3;-4,2
2020-04-01;02:59:20;-5,4;-4,2
2020-04-01;03:04:20;-5,5;-4,2
2020-04-01;03:09:20;-5,5;-4,3
2020-04-01;03:14:20;-5,6;-4,3
2020-04-01;03:19:20;-5,6;-4,3
2020-04-01;03:24:20;-5,7;-4,4
2020-04-01;03:29:20;-5,7;-4,5
2020-04-01;03:34:20;-5,8;-4,6
2020-04-01;03:39:20;-5,8;-4,6
2020-04-01;03:44:20;-5,8;-4,6
2020-04-01;03:49:20;-5,8;-4,7
2020-04-01;03:54:20;-5,9;-4,7
2020-04-01;03:59:20;-6;-4,7
2020-04-01;04:04:20;-6,1;-4,8
2020-04-01;04:09:20;-6,1;-4,8
2020-04-01;04:14:20;-6,1;-4,8
2020-04-01;04:19:20;-6,1;-4,9
2020-04-01;04:24:20;-6,1;-5
2020-04-01;04:29:20;-6,1;-5
2020-04-01;04:34:20;-6,2;-5
2020-04-01;04:39:20;-6,2;-5
2020-04-01;04:44:20;-6,2;-5,1
2020-04-01;04:49:20;-6,3;-5,1
2020-04-01;04:54:20;-6,3;-5,2
2020-04-01;04:59:20;-6,4;-5,2
2020-04-01;05:04:20;-6,4;-5,2
2020-04-01;05:09:20;-6,5;-5,2
2020-04-01;05:14:20;-6,5;-5,2
2020-04-01;05:19:20;-6,5;-5,3
2020-04-01;05:24:20;-6,5;-5,4
2020-04-01;05:29:20;-6,6;-5,3
2020-04-01;05:34:20;-6,6;-5,4
2020-04-01;05:39:20;-6,6;-5,4
2020-04-01;05:44:20;-6,6;-5,5
2020-04-01;05:49:20;-6,7;-5,5
2020-04-01;05:54:20;-6,7;-5,5
2020-04-01;05:59:20;-6,8;-5,5
2020-04-01;06:04:20;-6,8;-5,5
2020-04-01;06:09:20;-6,8;-5,6
2020-04-01;06:14:20;-6,8;-5,7
2020-04-01;06:19:20;-6,8;-5,7
2020-04-01;06:24:20;-6,9;-5,7
2020-04-01;06:29:20;-6,9;-5,7
2020-04-01;06:34:20;-6,9;-5,7
2020-04-01;06:39:20;-7;-5,8
2020-04-01;06:44:20;-7;-5,7
2020-04-01;06:49:20;-7;-5,7
2020-04-01;06:54:20;-7;-5,7
2020-04-01;06:59:20;-7;-5,8
2020-04-01;07:04:20;-6,9;-5,7
2020-04-01;07:09:20;-6,8;-5,5
2020-04-01;07:14:20;-6,7;-5,2
2020-04-01;07:19:20;-6,6;-4,8
2020-04-01;07:24:20;-6,3;-4,5
2020-04-01;07:29:20;-6,3;-4,2
2020-04-01;07:34:20;-6,1;-3,8
2020-04-01;07:39:20;-5,9;-3,3
2020-04-01;07:44:20;-5,6;-3
2020-04-01;07:49:20;-5,4;-2,7
2020-04-01;07:54:20;-5,1;-2,5
2020-04-01;07:59:20;-4,4;-2,2
2020-04-01;08:04:20;-3,2;-1,8
2020-04-01;08:09:20;-1,8;-1,3
2020-04-01;08:14:20;-0,2;-0,9
2020-04-01;08:19:20;1,7;-0,6
2020-04-01;08:24:20;3,5;-0,2
2020-04-01;08:29:20;5,8;0,3
2020-04-01;08:34:20;8,2;0,7
2020-04-01;08:39:20;11,1;1,2
2020-04-01;08:45:30;14,9;1,8
2020-04-01;08:50:30;18,3;2,3
2020-04-01;08:55:30;21,8;2,7
2020-04-01;09:00:30;25,6;3
2020-04-01;09:05:30;29,5;3,4
2020-04-01;09:10:30;33,6;3,7
2020-04-01;09:15:30;37,7;4
2020-04-01;09:20:30;41,6;4,1
2020-04-01;09:25:30;45,3;4,2
2020-04-01;09:30:30;48,9;4,6
2020-04-01;09:35:30;52,3;4,9
2020-04-01;09:40:30;56,4;5,2
2020-04-01;09:45:30;60,2;5,2
2020-04-01;09:50:30;72,5;5,2
2020-04-01;09:59:20;59,4;4,7
2020-04-01;10:04:20;50;4,6
2020-04-01;10:09:20;59,4;4,9
2020-04-01;10:14:20;49,8;5,6
2020-04-01;10:19:20;62,9;6,2
2020-04-01;10:24:20;53,3;6,6
2020-04-01;10:29:20;55,9;6,9
2020-04-01;10:34:20;59,7;7,2
2020-04-01;10:39:20;51,8;7,2
2020-04-01;10:44:20;57,8;7,5
2020-04-01;10:49:20;62,4;7,3
2020-04-01;10:54:20;54,4;6,6
2020-04-01;10:59:20;54,5;6,7
2020-04-01;11:04:20;65,4;7,2
2020-04-01;11:09:20;59,3;6,9
2020-04-01;11:14:20;54,3;7,3
2020-04-01;11:19:20;62,1;7,7
2020-04-01;11:24:20;65;7,9
2020-04-01;11:33:10;66,9;8
2020-04-01;11:38:10;58,1;7,6
2020-04-01;11:43:10;59,6;7,3
2020-04-01;11:48:10;60,7;7,8
2020-04-01;11:53:10;61,8;8,8
2020-04-01;11:58:10;62,5;8,5
2020-04-01;12:03:10;63,2;8,7
2020-04-01;12:08:10;63,4;9,1
2020-04-01;12:13:10;65,1;9,7
2020-04-01;12:18:10;66,1;9,9
2020-04-01;12:23:10;67,4;9,8
2020-04-01;12:28:10;67,5;9,6
2020-04-01;12:33:10;67,7;9,7
2020-04-01;12:38:10;61,3;9,4
2020-04-01;12:43:10;60,8;8,9
2020-04-01;12:48:10;65,3;8,6
2020-04-01;12:56:10;68;9,2
2020-04-01;13:01:10;68,6;9,3
2020-04-01;13:06:10;69,5;9
2020-04-01;13:11:10;70,1;9
2020-04-01;13:16:10;70,8;9,1
2020-04-01;13:21:10;71;8,9
2020-04-01;13:26:10;71,5;8,9
2020-04-01;13:31:10;71,6;8,9
2020-04-01;13:36:10;72;9,2
2020-04-01;13:41:10;72,4;8,9
2020-04-01;13:46:10;72,7;8,9
2020-04-01;13:51:10;72,9;8,9
2020-04-01;13:56:10;73;9
2020-04-01;14:01:10;73,3;8,9
2020-04-01;14:06:10;73,5;8,6
2020-04-01;14:11:10;73,6;8,8
2020-04-01;14:16:10;73,6;8,8
2020-04-01;14:22:30;73,4;8,5
2020-04-01;14:27:30;73,2;8,7
2020-04-01;14:32:30;73,2;8
2020-04-01;14:37:30;73;7,7
2020-04-01;14:42:30;72,9;8
2020-04-01;14:47:30;73;8,2
2020-04-01;14:52:30;72,8;8,3
2020-04-01;14:57:30;72,7;8,4
2020-04-01;15:02:30;72,2;8,3
2020-04-01;15:07:30;72,1;8
2020-04-01;15:12:30;71,8;8,1
2020-04-01;15:17:30;71,6;8
2020-04-01;15:22:30;71,2;8,2
2020-04-01;15:27:30;70,7;8,1
2020-04-01;15:32:30;78,4;8,1
2020-04-01;15:39:50;75,1;8
2020-04-01;15:44:50;69,3;8
2020-04-01;15:49:50;77,6;7,9
2020-04-01;15:54:50;69,1;8
2020-04-01;15:59:50;76,1;7,7
2020-04-01;16:04:50;67,3;7,7
2020-04-01;16:09:50;73,3;7,6
2020-04-01;16:14:50;77,7;7,3
2020-04-01;16:19:50;68,2;7
2020-04-01;16:24:50;72,6;6,9
2020-04-01;16:29:50;74,9;7
2020-04-01;16:34:50;74,9;7
2020-04-01;16:39:50;74,3;7,1
2020-04-01;16:44:50;73;6,7
2020-04-01;16:49:50;71,4;6,8
2020-04-01;16:54:50;69,6;6,7
2020-04-01;16:59:50;67,6;6,7
2020-04-01;17:04:50;65,2;6,6
2020-04-01;17:09:50;63;6,2
2020-04-01;17:14:50;60,6;6,2
2020-04-01;17:19:50;58,4;6,2
2020-04-01;17:24:50;56,3;6,1
2020-04-01;17:29:50;54,1;6
2020-04-01;17:34:50;52,3;5,9
2020-04-01;17:39:50;50,4;6
2020-04-01;17:44:50;48,3;6,1
2020-04-01;17:49:50;46,2;5,9
2020-04-01;17:54:50;44,2;5,7
2020-04-01;17:59:50;42,2;5,7
2020-04-01;18:04:50;40,2;5,6
2020-04-01;18:09:50;38,4;5,6
2020-04-01;18:14:50;36,7;5,4
2020-04-01;18:19:50;35,2;5,2
2020-04-01;18:24:50;33,6;5,2
2020-04-01;18:29:50;32,1;5,2
2020-04-01;18:34:50;30,7;5,2
2020-04-01;18:39:50;29,5;5,1
2020-04-01;18:44:50;28,3;5,1
2020-04-01;18:49:50;27,2;5
2020-04-01;18:54:50;26,2;4,8
2020-04-01;18:59:50;25,1;4,7
2020-04-01;19:04:50;24,1;4,7
2020-04-01;19:09:50;23,2;4,6
2020-04-01;19:14:50;22,4;4,3
2020-04-01;19:19:50;21,5;4,2
2020-04-01;19:24:50;20,6;4,2
2020-04-01;19:29:50;19,9;4,1
2020-04-01;19:34:50;19;3,8
2020-04-01;19:39:50;18;3,7
2020-04-01;19:44:50;17;3,6
2020-04-01;19:49:50;16,3;3,4
2020-04-01;19:54:50;15,5;3,2
2020-04-01;19:59:50;15;3,2
2020-04-01;20:04:50;14,2;3,1
2020-04-01;20:09:50;13,5;2,9
2020-04-01;20:14:50;12,9;2,8
2020-04-01;20:19:50;12,4;2,7
2020-04-01;20:24:50;11,7;2,6
2020-04-01;20:30:00;11,2;2,4
2020-04-01;20:38:50;10,2;2,2
2020-04-01;20:43:50;9,6;2
2020-04-01;20:48:50;9,1;1,9
2020-04-01;20:53:50;8,5;1,7
2020-04-01;20:58:50;8;1,7
2020-04-01;21:03:50;7,5;1,5
2020-04-01;21:08:50;7;1,2
2020-04-01;21:13:50;6,4;1,2
2020-04-01;21:18:50;6;1,1
2020-04-01;21:23:50;5,5;1
2020-04-01;21:28:50;5;0,8
2020-04-01;21:33:50;4,5;0,7
2020-04-01;21:38:50;4,1;0,6
2020-04-01;21:43:50;3,7;0,4
2020-04-01;21:48:50;3,3;0,4
2020-04-01;21:53:50;2,8;0,3
2020-04-01;21:58:50;2,4;0,2
2020-04-01;22:03:50;2,1;0,1
2020-04-01;22:08:50;1,8;-0,1
2020-04-01;22:13:50;1,5;-0,2
2020-04-01;22:18:50;1,1;-0,2
2020-04-01;22:23:50;0,9;-0,3
2020-04-01;22:29:40;0,6;-0,3
2020-04-01;22:34:40;0,3;-0,4
2020-04-01;22:39:40;0,2;-0,5
2020-04-01;22:44:40;-0,1;-0,7
2020-04-01;22:49:40;-0,2;-0,7
2020-04-01;22:54:40;-0,4;-0,8
2020-04-01;22:59:40;-0,6;-0,9
2020-04-01;23:04:40;-0,7;-1
2020-04-01;23:09:40;-0,9;-1
2020-04-01;23:14:40;-1;-1,1
2020-04-01;23:24:30;-1,1;-1,3
2020-04-01;23:29:30;-1;-1,3
2020-04-01;23:34:30;-1;-1,4
2020-04-01;23:39:30;-0,8;-1,4
2020-04-01;23:44:30;-0,5;-1,4
2020-04-01;23:49:30;-0,3;-1,6
2020-04-01;23:54:30;-0,2;-1,6
2020-04-01;23:59:30;-0,2;-1,7
2020-04-02;00:05:30;-0,1;-1,7
2020-04-02;00:10:30;0;-1,8
2020-04-02;00:15:30;-0,1;-1,8
2020-04-02;00:20:30;-0,1;-1,9
2020-04-02;00:25:30;-0,2;-1,9
2020-04-02;00:30:30;-0,4;-2
2020-04-02;00:35:30;-0,6;-2,1
2020-04-02;00:40:30;-0,7;-2
2020-04-02;00:45:30;-0,7;-2,1
2020-04-02;00:50:30;-1;-2,3
2020-04-02;00:55:30;-1,1;-2,4
2020-04-02;01:00:30;-1,2;-2,5
2020-04-02;01:05:30;-1,2;-2,6
2020-04-02;01:10:30;-1,5;-2,6
2020-04-02;01:15:30;-1,5;-2,7
2020-04-02;01:20:30;-1,8;-2,7
2020-04-02;01:25:30;-2,1;-2,7
2020-04-02;01:30:30;-2,4;-2,7
2020-04-02;01:35:30;-2,6;-2,8
2020-04-02;01:40:30;-2,8;-2,9
2020-04-02;01:45:30;-3,1;-3
2020-04-02;01:50:30;-3,2;-3,1
2020-04-02;01:55:30;-3,5;-3,2
2020-04-02;02:00:30;-3,6;-3,2
2020-04-02;02:05:30;-3,8;-3,2
2020-04-02;02:10:30;-4;-3,2
2020-04-02;02:15:30;-4,1;-3,2
2020-04-02;02:20:30;-4,2;-3,2
2020-04-02;02:25:30;-4,3;-3,2
2020-04-02;02:30:30;-4,5;-3,2
2020-04-02;02:35:30;-4,5;-3,4
2020-04-02;02:40:30;-4,6;-3,3
2020-04-02;02:45:30;-4,6;-3,3
2020-04-02;02:50:30;-4,8;-3,5
2020-04-02;02:55:30;-4,9;-3,5
2020-04-02;03:00:30;-4,9;-3,6
2020-04-02;03:05:30;-5,1;-3,6
2020-04-02;03:10:30;-5,1;-3,7
2020-04-02;03:15:30;-5,1;-3,8
2020-04-02;03:20:30;-5,1;-3,9
2020-04-02;03:25:30;-5,2;-4
2020-04-02;03:30:30;-5,2;-4
2020-04-02;03:35:30;-5,2;-4,1
2020-04-02;03:40:30;-5,3;-4,2
2020-04-02;03:45:30;-5,3;-4,2
2020-04-02;03:50:30;-5,4;-4,2
2020-04-02;03:55:30;-5,4;-4,3
2020-04-02;04:00:30;-5,5;-4,3
2020-04-02;04:05:30;-5,5;-4,4
2020-04-02;04:10:30;-5,5;-4,5
2020-04-02;04:15:30;-5,5;-4,5
2020-04-02;04:20:30;-5,6;-4,5
2020-04-02;04:25:30;-5,6;-4,5
2020-04-02;04:30:30;-5,7;-4,5
2020-04-02;04:35:30;-5,8;-4,6
2020-04-02;04:40:30;-5,8;-4,6
2020-04-02;04:45:30;-5,8;-4,6
2020-04-02;04:50:30;-5,9;-4,7
2020-04-02;04:55:30;-6;-4,7
2020-04-02;05:00:30;-5,9;-4,7
2020-04-02;05:05:30;-6;-4,7
2020-04-02;05:10:30;-6,1;-4,7
2020-04-02;05:15:30;-6,1;-4,7
2020-04-02;05:20:30;-6,1;-4,7
2020-04-02;05:25:30;-6,2;-4,8
2020-04-02;05:30:30;-6,2;-4,8
2020-04-02;05:35:30;-6,3;-4,8
2020-04-02;05:40:30;-6,3;-4,9
2020-04-02;05:45:30;-6,3;-4,9
2020-04-02;05:50:30;-6,3;-5
2020-04-02;05:55:30;-6,4;-5
2020-04-02;06:00:30;-6,5;-5,1
2020-04-02;06:05:30;-6,5;-5,2
2020-04-02;06:10:30;-6,5;-5,2
2020-04-02;06:15:30;-6,5;-5,2
2020-04-02;06:20:30;-6,6;-5,2
2020-04-02;06:25:30;-6,5;-5,2
2020-04-02;06:30:30;-6,5;-5,2
2020-04-02;06:35:30;-6,6;-5,2
2020-04-02;06:40:30;-6,6;-5,2
2020-04-02;06:45:30;-6,6;-5,2
2020-04-02;06:50:30;-6,7;-5,2
2020-04-02;06:55:30;-6,6;-5,2
2020-04-02;07:00:30;-6,6;-5
2020-04-02;07:05:30;-6,5;-4,8
2020-04-02;07:10:30;-6,4;-4,5
2020-04-02;07:15:30;-6,2;-4,2
2020-04-02;07:20:30;-6;-3,7
2020-04-02;07:25:30;-5,8;-3,4
2020-04-02;07:30:30;-5,6;-3,2
2020-04-02;07:35:30;-5,3;-2,8
2020-04-02;07:40:30;-5,1;-2,6
2020-04-02;07:45:30;-4,6;-2,3
2020-04-02;07:50:30;-4,2;-1,8
2020-04-02;07:55:30;-3,8;-1,5
2020-04-02;08:00:30;-2,7;-1,1
2020-04-02;08:05:30;-1,3;-0,6
2020-04-02;08:10:30;0,7;-0,2
2020-04-02;08:15:30;2,9;0,2
2020-04-02;08:20:30;5,3;0,7
2020-04-02;08:25:30;8;1,2
2020-04-02;08:32:20;11,9;2
2020-04-02;08:37:20;14,8;2,5
2020-04-02;08:44:50;19,2;3,1
2020-04-02;08:49:50;22,5;3,5
2020-04-02;08:54:50;25,9;3,9
2020-04-02;08:59:50;29,6;4,2
2020-04-02;09:04:50;44,9;4,7
2020-04-02;09:09:50;27,4;4,9
2020-04-02;09:14:50;29,7;5,3
2020-04-02;09:19:50;30,2;5,8
2020-04-02;09:24:50;30,9;6,1
2020-04-02;09:29:50;31,7;6,4
2020-04-02;09:34:50;32,5;6,7
2020-04-02;09:39:50;33,5;6,8
2020-04-02;09:44:50;34,3;7,2
2020-04-02;09:49:50;35,2;7,2
2020-04-02;09:54:50;36,1;7,7
2020-04-02;09:59:50;36,8;8
2020-04-02;10:04:50;37,6;8,4
2020-04-02;10:09:50;38,3;8,6
2020-04-02;10:14:50;39,1;8,8
2020-04-02;10:19:50;39,8;9
2020-04-02;10:24:50;40,7;9,1
2020-04-02;10:29:50;41,3;9,4
2020-04-02;10:34:50;42;9,6
2020-04-02;10:39:50;42,8;9,7
2020-04-02;10:44:50;43,5;9,7
2020-04-02;10:49:50;44,2;9,9
2020-04-02;10:54:50;44,9;10,1
2020-04-02;10:59:50;45,4;9,9
2020-04-02;11:04:50;46,3;10,3
2020-04-02;11:09:50;46,9;10,6
2020-04-02;11:14:50;47,4;10,6
2020-04-02;11:19:50;48,1;10,9
2020-04-02;11:24:50;48,6;10,7
2020-04-02;11:29:50;49,2;10,9
2020-04-02;11:34:50;49,7;11,1
2020-04-02;11:39:50;50,4;11,2
2020-04-02;11:44:50;50,9;11,3
2020-04-02;11:49:50;51,4;11,4
2020-04-02;11:54:50;52;11,4
2020-04-02;11:59:50;52,3;11,4
2020-04-02;12:04:50;52,9;10,5
2020-04-02;12:09:50;53,2;11,1
2020-04-02;12:14:50;53,8;11,5
2020-04-02;12:19:50;54;11,8
2020-04-02;12:24:50;54,3;11,7
2020-04-02;12:29:50;54,8;11,3
2020-04-02;12:34:50;55,1;11,3
2020-04-02;12:39:50;55,2;11,4
2020-04-02;12:44:50;55,7;11,5
2020-04-02;12:49:50;55,9;11,9
2020-04-02;12:54:50;56,1;12,2
2020-04-02;12:59:50;56,3;12,2
2020-04-02;13:04:50;56,5;12,5
2020-04-02;13:09:50;56,7;12,6
2020-04-02;13:14:50;56,9;12,4
2020-04-02;13:19:50;56,9;12,4
2020-04-02;13:24:50;57,2;12,4
2020-04-02;13:29:50;57,4;12,7
2020-04-02;13:34:50;57,5;12,9
2020-04-02;13:39:50;57,4;12,9
2020-04-02;13:44:50;57,4;13
2020-04-02;13:49:50;57,4;13
2020-04-02;13:54:50;57,2;12,8
2020-04-02;13:59:50;57,2;12,4
2020-04-02;14:04:50;57,2;12,7
2020-04-02;14:09:50;57,1;12,9
2020-04-02;14:14:50;56,9;12,9
2020-04-02;14:19:50;56,8;12,9
2020-04-02;14:24:50;56,8;13
2020-04-02;14:29:50;56,9;12,9
2020-04-02;14:34:50;56,9;12,4
2020-04-02;14:39:50;57,2;12,3
2020-04-02;14:44:50;57,2;12,4
2020-04-02;14:49:50;57,2;12,7
2020-04-02;14:54:50;57,2;12,9
2020-04-02;15:02:00;57,4;12,5
2020-04-02;15:07:00;57,2;12,4
2020-04-02;15:12:00;57;12,5
2020-04-02;15:17:00;56,8;12,3
2020-04-02;15:22:00;56,5;11,9
2020-04-02;15:27:00;56,4;12
2020-04-02;15:32:00;56,4;12,1
2020-04-02;15:37:00;56;12,1
2020-04-02;15:42:00;55,4;11,8
2020-04-02;15:47:00;54,9;11,7
2020-04-02;15:52:00;54,6;11,7
2020-04-02;15:57:00;54,4;11,9
2020-04-02;16:02:00;54,2;11,9
2020-04-02;16:07:00;53,7;11,8
2020-04-02;16:12:00;55,1;11,7
2020-04-02;16:17:00;54,7;11,7
2020-04-02;16:22:00;55,8;11,6
2020-04-02;16:27:00;53,4;11,6
2020-04-02;16:32:00;55,3;11,5
2020-04-02;16:37:00;57,9;11,5
2020-04-02;16:42:00;53,4;11,4
2020-04-02;16:47:00;57,7;11,2
2020-04-02;16:52:00;52,1;11,1
2020-04-02;16:57:00;52,4;11
2020-04-02;17:02:00;55,7;10,9
2020-04-02;17:07:00;56,5;10,9
2020-04-02;17:12:00;56;10,9
2020-04-02;17:17:00;55;10,7
2020-04-02;17:22:00;53,7;10,6
2020-04-02;17:27:00;52,4;10,6
2020-04-02;17:32:00;50,8;10,5
2020-04-02;17:37:00;49,1;10,5
2020-04-02;17:42:00;47,4;10,4
2020-04-02;17:47:00;45,5;10,2
2020-04-02;17:52:00;43,9;10,1
2020-04-02;17:57:00;42,3;10
2020-04-02;18:02:00;40,7;9,9
2020-04-02;18:07:00;39,1;9,8
2020-04-02;18:12:00;37,3;9,7
2020-04-02;18:17:00;35,8;9,5
2020-04-02;18:22:00;34,5;9,4
2020-04-02;18:27:00;33,1;9,4
2020-04-02;18:32:00;31,8;9,2
2020-04-02;18:37:00;30,7;9
2020-04-02;18:42:00;29,6;8,9
2020-04-02;18:47:00;28,6;8,7
2020-04-02;18:52:00;27,7;8,6
2020-04-02;18:57:00;26,7;8,4
2020-04-02;19:02:00;25,9;8,4
2020-04-02;19:07:00;25;8,1
2020-04-02;19:12:00;24,4;7,9
2020-04-02;19:17:00;23,5;7,9
2020-04-02;19:22:00;23;7,7
2020-04-02;19:27:00;22,2;7,4
2020-04-02;19:32:00;21,5;7,3
2020-04-02;19:37:00;20,9;7,2
2020-04-02;19:42:00;20,2;7
2020-04-02;19:47:00;19,5;6,9
2020-04-02;19:52:00;18,9;6,7
2020-04-02;19:57:00;18,3;6,5
2020-04-02;20:02:00;17,5;6,3
2020-04-02;20:07:00;16,8;6,2
2020-04-02;20:12:00;16,3;6,1
2020-04-02;20:17:00;15,7;5,9
2020-04-02;20:22:00;15,2;5,7
2020-04-02;20:27:00;14,6;5,6
2020-04-02;20:32:00;14,4;5,3
2020-04-02;20:38:30;14;5,2
2020-04-02;20:43:30;13,7;5,1
2020-04-02;20:50:50;13,2;5
2020-04-02;20:55:50;12,9;4,9
2020-04-02;21:00:50;12,7;4,7
2020-04-02;21:09:50;12,3;4,7
2020-04-02;21:14:50;12,1;4,5
2020-04-02;21:19:50;11,7;4,4
2020-04-02;21:24:50;11,5;4,3
2020-04-02;21:29:50;11;4,2
2020-04-02;21:34:50;10,8;4,2
2020-04-02;21:41:00;9,7;4,2
2020-04-02;21:46:00;8,9;4,2
2020-04-02;21:51:00;7,6;4,1
2020-04-02;21:59:30;5,9;3,8
2020-04-02;22:04:30;5,3;3,7
2020-04-02;22:09:30;4,7;3,5
2020-04-02;22:17:30;4;3,2
2020-04-02;22:22:30;3,7;3,1
2020-04-02;22:27:30;3,3;2,9
2020-04-02;22:32:30;3,1;2,8
2020-04-02;22:37:30;2,7;2,7
2020-04-02;22:42:30;2,4;2,6
2020-04-02;22:47:30;2,3;2,4
2020-04-02;22:52:30;2;2,2
2020-04-02;22:57:30;1,8;2,2
2020-04-02;23:02:30;1,6;2
2020-04-02;23:07:40;1,4;1,7
2020-04-02;23:12:40;1,3;1,7
2020-04-02;23:17:40;1,1;1,5
2020-04-02;23:22:40;0,9;1,5
2020-04-02;23:27:40;0,8;1,3
2020-04-02;23:32:40;0,8;1,2
2020-04-02;23:37:40;0,7;1,2
2020-04-02;23:42:40;0,7;1,1
2020-04-02;23:47:40;0,5;1,1
2020-04-02;23:52:40;0,3;1
2020-04-02;23:57:40;0,3;0,9
2020-04-03;00:03:40;0,2;0,7
2020-04-03;00:08:40;0,1;0,7
2020-04-03;00:13:40;0,1;0,6
2020-04-03;00:18:40;-0,1;0,5
2020-04-03;00:23:40;-0,2;0,4
2020-04-03;00:28:40;-0,2;0,3
2020-04-03;00:33:40;-0,4;0,3
2020-04-03;00:38:40;-0,6;0,2
2020-04-03;00:43:40;-0,6;0,1
2020-04-03;00:48:40;-0,6;0,1
2020-04-03;00:53:40;-0,7;0
2020-04-03;00:58:40;-0,8;-0,1
2020-04-03;01:03:40;-0,9;-0,1
2020-04-03;01:08:40;-1;-0,2
2020-04-03;01:13:40;-1,1;-0,1
2020-04-03;01:18:40;-1,1;-0,2
2020-04-03;01:23:40;-1,2;-0,3
2020-04-03;01:28:40;-1,2;-0,3
2020-04-03;01:33:40;-1,2;-0,4
2020-04-03;01:38:40;-1,4;-0,4
2020-04-03;01:43:40;-1,5;-0,5
2020-04-03;01:48:40;-1,5;-0,6
2020-04-03;01:53:40;-1,6;-0,7
2020-04-03;01:58:40;-1,6;-0,6
2020-04-03;02:03:40;-1,8;-0,8
2020-04-03;02:08:40;-1,8;-0,9
2020-04-03;02:13:40;-1,9;-1
2020-04-03;02:18:40;-1,9;-1
2020-04-03;02:23:40;-2;-1,1
2020-04-03;02:28:40;-2,1;-1,1
2020-04-03;02:33:40;-2,1;-1,2
2020-04-03;02:38:40;-2,1;-1,3
2020-04-03;02:43:40;-2,1;-1,3
2020-04-03;02:48:40;-2,1;-1,3
2020-04-03;02:53:40;-2,2;-1,3
2020-04-03;02:58:40;-2,2;-1,3
2020-04-03;03:03:40;-2,2;-1,4
2020-04-03;03:08:40;-2,2;-1,5
2020-04-03;03:13:40;-2,4;-1,6
2020-04-03;03:18:40;-2,3;-1,6
2020-04-03;03:23:40;-2,5;-1,7
2020-04-03;03:28:40;-2,5;-1,7
2020-04-03;03:33:40;-2,6;-1,7
2020-04-03;03:38:40;-2,6;-1,8
2020-04-03;03:43:40;-2,6;-1,8
2020-04-03;03:48:40;-2,6;-1,8
2020-04-03;03:53:40;-2,6;-1,8
2020-04-03;03:58:40;-2,6;-1,8
2020-04-03;04:03:40;-2,7;-1,9
2020-04-03;04:08:40;-2,7;-1,8
2020-04-03;04:13:40;-2,8;-1,8
2020-04-03;04:18:40;-2,8;-1,8
2020-04-03;04:23:40;-2,9;-1,8
2020-04-03;04:28:40;-2,8;-1,8
2020-04-03;04:33:40;-2,9;-1,8
2020-04-03;04:38:40;-3;-1,8
2020-04-03;04:43:40;-3,1;-1,8
2020-04-03;04:48:40;-3,1;-1,8
2020-04-03;04:53:40;-3,1;-1,8
2020-04-03;04:58:40;-3,1;-1,9
2020-04-03;05:03:40;-3,1;-1,8
2020-04-03;05:08:40;-3,2;-1,8
2020-04-03;05:13:40;-3,2;-1,7
2020-04-03;05:18:40;-3,2;-1,6
2020-04-03;05:23:40;-3,2;-1,6
2020-04-03;05:28:40;-3,2;-1,6
2020-04-03;05:33:40;-3,2;-1,7
2020-04-03;05:38:40;-3,2;-1,6
2020-04-03;05:43:40;-3,2;-1,6
2020-04-03;05:48:40;-3,2;-1,4
2020-04-03;05:53:40;-3,1;-1,4
2020-04-03;05:58:40;-3,1;-1,3
2020-04-03;06:03:40;-3,1;-1,4
2020-04-03;06:08:40;-3,2;-1,3
2020-04-03;06:13:40;-3,1;-1,3
2020-04-03;06:18:40;-3,1;-1,4
2020-04-03;06:23:40;-3,1;-1,5
2020-04-03;06:28:40;-3,1;-1,5
2020-04-03;06:33:40;-3,1;-1,7
2020-04-03;06:38:40;-3,1;-1,8
2020-04-03;06:43:40;-3,2;-1,8
2020-04-03;06:48:40;-3,1;-1,8
2020-04-03;06:53:40;-3,2;-1,8
2020-04-03;06:58:40;-3,1;-1,7
2020-04-03;07:03:40;-3,1;-1,6
2020-04-03;07:08:40;-3;-1,5
2020-04-03;07:13:40;-2,7;-1,3
2020-04-03;07:18:40;-2,5;-1,1
2020-04-03;07:23:40;-2,1;-0,9
2020-04-03;07:28:40;-1,8;-0,7
2020-04-03;07:33:40;-1,5;-0,4
2020-04-03;07:38:40;-1,1;-0,1
2020-04-03;07:43:40;-0,6;0,2
2020-04-03;07:48:40;-0,1;0,6
2020-04-03;07:53:40;0,5;1
2020-04-03;07:58:40;1,3;1,4
2020-04-03;08:03:40;2,6;1,8
2020-04-03;08:08:40;4,3;2,4
2020-04-03;08:13:40;6,2;2,9
2020-04-03;08:18:40;8,2;3,3
2020-04-03;08:23:40;10,5;4
2020-04-03;08:28:40;12,9;4,7
2020-04-03;08:33:40;15,3;5,3
2020-04-03;08:38:40;17,9;5,7
2020-04-03;08:43:40;20,6;6,2
2020-04-03;08:48:40;23,4;6,7
2020-04-03;08:53:40;26,5;7,2
2020-04-03;08:58:40;29,7;7,7
2020-04-03;09:03:40;32,9;8,1
2020-04-03;09:08:40;36,2;8,5
2020-04-03;09:13:40;39,7;8,9
2020-04-03;09:18:40;42,8;9,3
2020-04-03;09:26:40;48,1;9,6
2020-04-03;09:31:40;51,3;9,9
2020-04-03;09:36:40;54,8;10,2
2020-04-03;09:41:40;58,5;10,5
2020-04-03;09:46:40;61,7;10,7
2020-04-03;09:51:40;77,3;10,9
2020-04-03;09:56:40;50,9;11,3
2020-04-03;10:01:40;58,6;11,5
2020-04-03;10:06:40;64,9;11,7
2020-04-03;10:11:40;57,3;12,1
2020-04-03;10:16:40;58,9;12,4
2020-04-03;10:21:40;59,9;12,5
2020-04-03;10:26:40;50,5;12,5
2020-04-03;10:33:50;54,5;12,9
2020-04-03;10:38:50;62,3;12,9
2020-04-03;10:43:50;54;12,9
2020-04-03;10:48:50;56,2;12,9
2020-04-03;10:53:50;63,4;13
2020-04-03;10:58:50;56,6;13,3
2020-04-03;11:03:50;52,7;13,4
2020-04-03;11:08:50;65,3;13,6
2020-04-03;11:13:50;61,8;14,1
2020-04-03;11:18:50;55,6;14,3
2020-04-03;11:23:50;55,3;14,6
2020-04-03;11:31:30;54,7;14,5
2020-04-03;11:36:30;60,6;14,6
2020-04-03;11:41:30;67,6;14,7
2020-04-03;11:46:30;58,8;15,1
2020-04-03;11:51:30;59;15,3
2020-04-03;11:56:30;69,8;15,3
2020-04-03;12:01:30;59,8;15,4
2020-04-03;12:06:30;60,6;15,1
2020-04-03;12:11:30;61,8;15,1
2020-04-03;12:16:30;62,4;15,1
2020-04-03;12:21:30;62,9;15,3
2020-04-03;12:26:30;64;15,1
2020-04-03;12:31:30;64,7;15,4
2020-04-03;12:36:30;65,5;15,6
2020-04-03;12:41:30;65,8;15,5
2020-04-03;12:46:30;66,6;15,6
2020-04-03;12:51:30;67,2;15,5
2020-04-03;12:56:30;67,7;15,6
2020-04-03;13:01:30;68,4;15,9
2020-04-03;13:06:30;68,7;15,9
2020-04-03;13:11:30;69,3;16
2020-04-03;13:16:30;70;16
2020-04-03;13:21:30;63,2;15,9
2020-04-03;13:26:30;70,9;16,2
2020-04-03;13:31:30;71,9;16,4
2020-04-03;13:36:30;71,5;16,1
2020-04-03;13:41:30;71,7;16,1
2020-04-03;13:46:30;72,3;16,3
2020-04-03;13:51:30;72,8;16,5
2020-04-03;13:56:30;73,4;16,7
2020-04-03;14:01:30;73,6;16,7
2020-04-03;14:06:30;73,3;16,9
2020-04-03;14:11:30;74,8;17
2020-04-03;14:19:10;72,6;17,3
2020-04-03;14:24:10;66,4;17,4
2020-04-03;14:29:10;79,8;17,1
2020-04-03;14:34:30;68,9;16,7
2020-04-03;14:39:30;70,6;16,4
2020-04-03;14:44:30;64,5;16,2
2020-04-03;14:49:30;68,3;16,3
2020-04-03;14:54:30;69,5;16,1
2020-04-03;14:59:30;67,4;15,9
2020-04-03;15:04:30;65,4;15,5
2020-04-03;15:09:30;66;15,4
2020-04-03;15:14:30;70,2;15,5
2020-04-03;15:19:30;60,2;15,5
2020-04-03;15:24:30;59,4;15,4
2020-04-03;15:29:30;58;15
2020-04-03;15:36:20;56;14,5
2020-04-03;15:41:20;54,1;14,4
2020-04-03;15:46:20;52,2;14,1
2020-04-03;15:51:20;50,2;13,9
2020-04-03;15:56:20;48,3;13,9
2020-04-03;16:01:20;46,4;13,8
2020-04-03;16:06:20;44,9;13,6
2020-04-03;16:11:20;43,3;13,3
2020-04-03;16:16:20;42;13,2
2020-04-03;16:21:20;40,7;13,1
2020-04-03;16:26:20;39,6;12,9
2020-04-03;16:31:20;38,7;12,9
2020-04-03;16:36:20;37,8;12,9
2020-04-03;16:41:20;37;12,9
2020-04-03;16:46:20;36,2;12,9
2020-04-03;16:51:20;35,6;12,9
2020-04-03;16:56:20;34,9;12,9
2020-04-03;17:01:20;34,2;12,9
2020-04-03;17:06:20;33,5;12,7
2020-04-03;17:11:20;32,9;12,6
2020-04-03;17:16:20;32,3;12,7
2020-04-03;17:21:20;31,7;12,7
2020-04-03;17:26:20;30,9;12,7
2020-04-03;17:31:20;30,3;12,6
2020-04-03;17:36:20;29,7;12,5
2020-04-03;17:41:20;29,3;12,5
2020-04-03;17:46:20;29;12,5
2020-04-03;17:51:20;28,6;12,4
2020-04-03;17:56:20;28,2;12,4
2020-04-03;18:01:20;27,8;12,5
2020-04-03;18:06:20;27,4;12,4
2020-04-03;18:11:20;26,9;12,4
2020-04-03;18:16:20;26,5;12,2
2020-04-03;18:21:20;25,9;12
2020-04-03;18:26:20;25,3;11,9
2020-04-03;18:31:20;24,5;11,9
2020-04-03;18:36:20;23,9;11,7
2020-04-03;18:41:20;23,2;11,6
2020-04-03;18:46:20;22,5;11,4
2020-04-03;18:51:20;21,8;11,3
2020-04-03;18:56:20;21;11,2
2020-04-03;19:01:20;20,5;11
2020-04-03;19:06:20;19,9;10,9
2020-04-03;19:11:20;19,5;10,8
2020-04-03;19:16:20;18,9;10,6
2020-04-03;19:21:20;18,5;10,5
2020-04-03;19:26:20;18;10,4
2020-04-03;19:31:20;17,5;10,4
2020-04-03;19:36:20;17,1;10,2
2020-04-03;19:41:20;16,6;10
2020-04-03;19:46:20;16,1;9,9
2020-04-03;19:51:20;15,7;9,7
2020-04-03;19:56:20;15,2;9,6
2020-04-03;20:03:40;14,6;9,4
2020-04-03;20:08:40;14,1;9,3
2020-04-03;20:13:40;13,7;9,3
2020-04-03;20:18:40;13,1;9,1
2020-04-03;20:23:40;12,5;9
2020-04-03;20:28:40;12;8,9
2020-04-03;20:33:40;11,5;8,9
2020-04-03;20:38:40;11;8,8
2020-04-03;20:43:40;10,5;8,7
2020-04-03;20:48:40;10;8,6
2020-04-03;20:53:40;9,7;8,5
2020-04-03;20:58:40;9,5;8,4
2020-04-03;21:03:40;9,2;8,4
2020-04-03;21:08:40;9;8,3
2020-04-03;21:13:40;8,8;8,3
2020-04-03;21:18:40;8,5;8,2
2020-04-03;21:23:40;8,3;8,1
2020-04-03;21:28:40;8,2;8,2
2020-04-03;21:33:40;8;8,2
2020-04-03;21:38:40;7,9;8,2
2020-04-03;21:43:40;7,8;8,1
2020-04-03;21:48:40;7,7;8,1
2020-04-03;21:53:40;7,6;8,1
2020-04-03;21:58:40;7,4;8,1
2020-04-03;22:03:40;7,3;7,9
2020-04-03;22:08:40;7,2;7,9
2020-04-03;22:13:40;7,1;7,7
2020-04-03;22:18:40;6,8;7,7
2020-04-03;22:23:40;6,6;7,5
2020-04-03;22:28:40;6,4;7,4
2020-04-03;22:33:40;6,3;7,2
2020-04-03;22:38:40;6,1;7,1
2020-04-03;22:43:40;5,8;7
2020-04-03;22:48:40;5,6;6,9
2020-04-03;22:53:40;5,6;6,7
2020-04-03;22:58:40;5,4;6,6
2020-04-03;23:03:40;5,3;6,5
2020-04-03;23:08:40;5,3;6,4
2020-04-03;23:13:40;5,2;6,4
2020-04-03;23:18:40;5,2;6,4
2020-04-03;23:23:40;5,1;6,4
2020-04-03;23:28:40;5,1;6,4
2020-04-03;23:33:40;5,1;6,3
2020-04-03;23:38:40;5,1;6,3
2020-04-03;23:43:40;5,1;6,2
2020-04-03;23:48:40;5,1;6,2
2020-04-03;23:53:40;5;6,1
2020-04-03;23:58:40;4,9;5,9
2020-04-04;00:03:40;4,9;5,8
2020-04-04;00:08:40;4,8;5,8
2020-04-04;00:13:40;4,8;5,8
2020-04-04;00:18:40;4,7;5,7
2020-04-04;00:23:40;4,5;5,7
2020-04-04;00:28:40;4,4;5,5
2020-04-04;00:33:40;4,4;5,4
2020-04-04;00:38:40;4,3;5,4
2020-04-04;00:43:40;4,2;5,2
2020-04-04;00:48:40;4;5,2
2020-04-04;00:53:40;4;5,2
2020-04-04;00:58:40;3,9;5,1
2020-04-04;01:03:40;3,8;5,1
2020-04-04;01:08:40;3,7;5,1
2020-04-04;01:13:40;3,7;5,1
2020-04-04;01:18:40;3,7;5,1
2020-04-04;01:23:40;3,7;5,1
2020-04-04;01:28:40;3,6;5
2020-04-04;01:33:40;3,7;5,1
2020-04-04;01:38:40;3,7;5,1
2020-04-04;01:43:40;3,7;5
2020-04-04;01:48:40;3,7;4,9
2020-04-04;01:53:40;3,7;4,8
2020-04-04;01:58:40;3,6;4,8
2020-04-04;02:03:40;3,7;4,8
2020-04-04;02:08:40;3,7;4,7
2020-04-04;02:13:40;3,6;4,7
2020-04-04;02:18:40;3,6;4,7
2020-04-04;02:23:40;3,7;4,7
2020-04-04;02:28:40;3,6;4,7
2020-04-04;02:33:40;3,5;4,7
2020-04-04;02:38:40;3,6;4,7
2020-04-04;02:43:40;3,5;4,6
2020-04-04;02:48:40;3,4;4,6
2020-04-04;02:53:40;3,4;4,6
2020-04-04;02:58:40;3,4;4,6
2020-04-04;03:03:40;3,4;4,7
2020-04-04;03:08:40;3,4;4,6
2020-04-04;03:13:40;3,4;4,6
2020-04-04;03:18:40;3,3;4,6
2020-04-04;03:23:40;3,4;4,6
2020-04-04;03:28:40;3,4;4,5
2020-04-04;03:33:40;3,4;4,4
2020-04-04;03:38:40;3,3;4,4
2020-04-04;03:43:40;3,3;4,3
2020-04-04;03:48:40;3,3;4,3
2020-04-04;03:53:40;3,3;4,3
2020-04-04;03:58:40;3,3;4,3
2020-04-04;04:03:40;3,3;4,2
2020-04-04;04:08:40;3,3;4,2
2020-04-04;04:13:40;3,3;4,2
2020-04-04;04:18:40;3,3;4,2
2020-04-04;04:23:40;3,3;4,2
2020-04-04;04:28:40;3,3;4,2
2020-04-04;04:33:40;3,3;4,2
2020-04-04;04:38:40;3,2;4,1
2020-04-04;04:43:40;3,1;4
2020-04-04;04:48:40;3;4
2020-04-04;04:53:40;2,9;4
2020-04-04;04:58:40;2,8;3,9
2020-04-04;05:03:40;2,8;3,9
2020-04-04;05:08:40;2,7;3,8
2020-04-04;05:13:40;2,6;3,7
2020-04-04;05:18:40;2,6;3,7
2020-04-04;05:23:40;2,4;3,7
2020-04-04;05:28:40;2,4;3,7
2020-04-04;05:33:40;2,3;3,6
2020-04-04;05:38:40;2,3;3,5
2020-04-04;05:43:40;2,3;3,4
2020-04-04;05:48:40;2,2;3,2
2020-04-04;05:53:40;2,2;3,2
2020-04-04;05:58:40;2;3
2020-04-04;06:03:40;1,9;2,9
2020-04-04;06:08:40;1,8;2,8
2020-04-04;06:13:40;1,7;2,7
2020-04-04;06:18:40;1,6;2,6
2020-04-04;06:23:40;1,4;2,4
2020-04-04;06:28:40;1,3;2,3
2020-04-04;06:33:40;1,2;2,2
2020-04-04;06:38:40;1,1;2,2
2020-04-04;06:43:40;1,1;2,2
2020-04-04;06:48:40;1,1;2,2
2020-04-04;06:53:40;1;2,2
2020-04-04;06:58:40;1,1;2,1
2020-04-04;07:03:40;1,3;2,2
2020-04-04;07:08:40;1,4;2,4
2020-04-04;07:13:40;1,8;2,7
2020-04-04;07:18:40;2,3;2,9
2020-04-04;07:23:40;2,8;3
2020-04-04;07:28:40;3,3;3,2
2020-04-04;07:33:40;3,7;3,2
2020-04-04;07:38:40;3,9;3,5
2020-04-04;07:43:40;4,3;3,7
2020-04-04;07:48:40;4,8;3,8
2020-04-04;07:53:40;5,2;3,7
2020-04-04;07:58:40;5,7;4
2020-04-04;08:03:40;6,3;4,2
2020-04-04;08:08:40;7;4,3
2020-04-04;08:13:40;8,6;4,7
2020-04-04;08:18:40;10,5;5,2
2020-04-04;08:23:40;12,3;5,4
2020-04-04;08:28:40;14;5,7
2020-04-04;08:33:40;16,4;6,2
2020-04-04;08:38:40;19,6;6,9
2020-04-04;08:43:40;22,5;7,6
2020-04-04;08:48:40;25,4;8,1
2020-04-04;08:53:40;28,3;8,7
2020-04-04;08:58:40;31,1;9,2
2020-04-04;09:03:40;44,4;9,9
2020-04-04;09:08:40;39,8;10,7
2020-04-04;09:13:40;35,4;11,2
2020-04-04;09:18:40;31,1;10,9
2020-04-04;09:23:40;32,6;11,4
2020-04-04;09:28:40;33,1;11,7
2020-04-04;09:33:40;33,2;12
2020-04-04;09:38:40;31,1;11,8
2020-04-04;09:43:40;32,1;11,8
2020-04-04;09:48:40;44,7;11,8
2020-04-04;09:53:40;35,9;12,3
2020-04-04;09:58:40;37,7;12,7
2020-04-04;10:03:40;38;12,8
2020-04-04;10:08:40;38,7;13,1
2020-04-04;10:13:40;39,4;13,3
2020-04-04;10:18:40;40,3;13,2
2020-04-04;10:23:40;41,1;13,5
2020-04-04;10:28:40;42,2;13,1
2020-04-04;10:33:40;43;13,6
2020-04-04;10:38:40;43,4;13,8
2020-04-04;10:43:40;44,7;14,1
2020-04-04;10:48:40;45,7;14,2
2020-04-04;10:53:40;46,7;14,4
2020-04-04;10:58:40;47,6;14,4
2020-04-04;11:03:40;48,2;14,6
2020-04-04;11:08:40;49,1;14,5
2020-04-04;11:13:40;50;14,9
2020-04-04;11:18:40;51,1;15,4
2020-04-04;11:23:40;51,9;15,4
2020-04-04;11:28:40;53,4;15,5
2020-04-04;11:33:40;54,2;15,2
2020-04-04;11:38:40;55,4;15,4
2020-04-04;11:43:40;56,2;15,6
2020-04-04;11:48:40;56,9;15,8
2020-04-04;11:53:40;57,9;16
2020-04-04;11:58:40;59,2;16,1
2020-04-04;12:03:40;59,8;16,2
2020-04-04;12:08:40;60,6;16
2020-04-04;12:13:40;60,6;16,2
2020-04-04;12:18:40;62,3;16,4
2020-04-04;12:23:40;62,7;16,1
2020-04-04;12:28:40;62,8;16,2
2020-04-04;12:33:40;63,6;16,4
2020-04-04;12:38:40;63,9;16,2
2020-04-04;12:43:40;64,1;15,7
2020-04-04;12:48:40;65,1;16,1
2020-04-04;12:53:40;65,9;16,3
2020-04-04;12:58:40;66,6;16,5
2020-04-04;13:03:40;67;16,5
2020-04-04;13:08:40;67,4;16,7
2020-04-04;13:13:40;68;16,4
2020-04-04;13:18:40;68,3;15,6
2020-04-04;13:23:40;68,8;16,3
2020-04-04;13:28:40;69;16,4
2020-04-04;13:33:40;69,1;16,5
2020-04-04;13:38:40;69,4;15,5
2020-04-04;13:43:40;69,6;15,9
2020-04-04;13:48:40;68,7;16,5
2020-04-04;13:53:40;66,6;16,2
2020-04-04;13:58:40;65;16,1
2020-04-04;14:03:40;60,3;15,9
2020-04-04;14:08:40;58,9;16
2020-04-04;14:13:40;63,2;16,4
2020-04-04;14:18:40;63,5;16,4
2020-04-04;14:23:40;62,7;15,9
2020-04-04;14:28:40;62,1;15,8
2020-04-04;14:33:40;60,9;15,8
2020-04-04;14:38:40;59,4;15,4
2020-04-04;14:43:40;57,8;15
2020-04-04;14:48:40;56,5;14,9
2020-04-04;14:53:40;59,5;15
2020-04-04;14:58:40;59,6;14,9
2020-04-04;15:03:40;59,2;14,9
2020-04-04;15:08:40;55,9;14,7
2020-04-04;15:13:40;52,9;14,2
2020-04-04;15:18:40;50,4;14,3
2020-04-04;15:23:40;48,2;14,4
2020-04-04;15:28:40;46,3;14,4
2020-04-04;15:33:40;44,8;14,4
2020-04-04;15:38:40;43,2;14,5
2020-04-04;15:43:40;42,1;14,7
2020-04-04;15:48:40;41,2;14,7
2020-04-04;15:53:40;40,6;14,8
2020-04-04;15:58:40;40,4;14,9
2020-04-04;16:03:40;41,4;14,9
2020-04-04;16:08:40;44,1;14,4
2020-04-04;16:13:40;47,2;14
2020-04-04;16:18:40;51,1;14,3
2020-04-04;16:23:40;56,9;14,6
2020-04-04;16:28:40;57,9;14,7
2020-04-04;16:33:40;55,1;14,6
2020-04-04;16:38:40;52,2;14,7
2020-04-04;16:43:40;49,4;14,4
2020-04-04;16:48:40;47,2;13,9
2020-04-04;16:53:40;45,4;13,4
2020-04-04;16:58:40;43,5;13,1
2020-04-04;17:03:40;42,3;13,4
2020-04-04;17:08:40;40,5;13,6
2020-04-04;17:13:40;39,4;13,5
2020-04-04;17:18:40;38;13,3
2020-04-04;17:23:40;36,6;13,4
2020-04-04;17:28:40;35,2;13,5
2020-04-04;17:33:40;33,8;13,5
2020-04-04;17:38:40;32,6;13,3
2020-04-04;17:43:40;31,4;13
2020-04-04;17:48:40;30,2;12,6
2020-04-04;17:53:40;29,2;12,5
2020-04-04;17:58:40;28,2;12,4
2020-04-04;18:03:40;27,3;12
2020-04-04;18:08:40;26,4;11,8
2020-04-04;18:13:40;25,7;11,8
2020-04-04;18:18:40;25;11,6
2020-04-04;18:23:40;24,3;11,3
2020-04-04;18:28:40;23,6;11,2
2020-04-04;18:33:40;23;11
2020-04-04;18:38:40;22,5;11
2020-04-04;18:43:40;22;10,9
2020-04-04;18:48:40;21,4;10,9
2020-04-04;18:53:40;20,9;10,8
2020-04-04;18:58:40;20,1;10,7
2020-04-04;19:03:40;19,2;10,7
2020-04-04;19:08:40;18,1;10,5
2020-04-04;19:13:40;17,1;10,4
2020-04-04;19:18:40;16,4;10,4
2020-04-04;19:23:40;15,6;10,2
2020-04-04;19:28:40;15;10,1
2020-04-04;19:33:40;14,2;9,9
2020-04-04;19:38:40;13,6;9,7
2020-04-04;19:43:40;13;9,5
2020-04-04;19:48:40;12,4;9,4
2020-04-04;19:53:40;11,8;9,3
2020-04-04;19:58:40;11,2;9
2020-04-04;20:03:40;10,7;8,9
2020-04-04;20:08:40;10,3;8,8
2020-04-04;20:13:40;9,7;8,6
2020-04-04;20:18:40;9,3;8,4
2020-04-04;20:23:40;9;8,3
2020-04-04;20:28:40;8,6;8
2020-04-04;20:33:40;8,1;7,9
2020-04-04;20:42:30;7,6;7,5
2020-04-04;20:47:30;7,3;7,3
2020-04-04;20:52:30;7,1;7,2
2020-04-04;20:57:30;6,8;7
2020-04-04;21:02:30;6,6;6,8
2020-04-04;21:07:30;6,3;6,7
2020-04-04;21:12:30;6,2;6,5
2020-04-04;21:17:30;5,9;6,3
2020-04-04;21:22:30;5,7;6,1
2020-04-04;21:27:30;5,6;6
2020-04-04;21:32:30;5,4;5,8
2020-04-04;21:37:30;5,2;5,7
2020-04-04;21:42:30;5,1;5,5
2020-04-04;21:47:30;4,8;5,3
2020-04-04;21:52:30;4,8;5,2
2020-04-04;21:57:30;4,6;5
2020-04-04;22:02:30;4,5;4,9
2020-04-04;22:07:30;4,5;4,7
2020-04-04;22:12:30;4,3;4,6
2020-04-04;22:22:30;4,1;4,3
2020-04-04;22:27:30;3,9;4,2
2020-04-04;22:32:30;3,8;4,2
2020-04-04;22:37:30;3,8;4,1
2020-04-04;22:42:30;3,6;4
2020-04-04;22:47:30;3,5;3,8
2020-04-04;22:52:30;3,4;3,7
2020-04-04;22:57:30;3,3;3,7
2020-04-04;23:02:30;3,2;3,6
2020-04-04;23:07:30;3;3,5
2020-04-04;23:12:30;2,9;3,3
2020-04-04;23:17:30;2,8;3,2
2020-04-04;23:22:30;2,8;3,1
2020-04-04;23:27:30;2,7;3,1
2020-04-04;23:32:30;2,5;3
2020-04-04;23:37:30;2,4;2,8
2020-04-04;23:42:30;2,3;2,7
2020-04-04;23:47:30;2,3;2,7
2020-04-04;23:52:30;2,2;2,6
2020-04-04;23:59:00;2,1;2,5
2020-04-05;00:04:00;1,9;2,4
2020-04-05;00:09:00;1,9;2,2
2020-04-05;00:14:00;1,8;2,2
2020-04-05;00:19:00;1,7;2,1
2020-04-05;00:24:00;1,6;2
2020-04-05;00:29:00;1,5;1,8
2020-04-05;00:34:00;1,4;1,9
2020-04-05;00:39:00;1,3;1,7
2020-04-05;00:44:00;1,2;1,7
2020-04-05;00:49:00;1,1;1,6
2020-04-05;00:54:00;1;1,5
2020-04-05;00:59:00;1;1,5
2020-04-05;01:04:00;0,8;1,4
2020-04-05;01:11:10;0,8;1,3
2020-04-05;01:16:10;0,6;1,2
2020-04-05;01:21:10;0,5;1,2
2020-04-05;01:26:10;0,4;1,2
2020-04-05;01:31:10;0,4;1,1
2020-04-05;01:36:10;0,3;1
2020-04-05;01:41:10;0,2;0,9
2020-04-05;01:46:10;0,1;0,9
2020-04-05;01:51:10;0,1;0,8
2020-04-05;01:56:10;0,1;0,7
2020-04-05;02:01:10;-0,1;0,7
2020-04-05;02:06:10;-0,2;0,7
2020-04-05;02:11:10;-0,2;0,7
2020-04-05;02:16:10;-0,4;0,6
2020-04-05;02:21:10;-0,4;0,5
2020-04-05;02:26:10;-0,5;0,5
2020-04-05;02:31:10;-0,6;0,4
2020-04-05;02:36:10;-0,7;0,3
2020-04-05;02:41:10;-0,7;0,3
2020-04-05;02:46:10;-0,7;0,3
2020-04-05;02:51:10;-0,8;0,2
2020-04-05;02:56:10;-0,8;0,2
2020-04-05;03:01:10;-0,9;0,2
2020-04-05;03:06:10;-1;0,1
2020-04-05;03:11:10;-1;0,1
2020-04-05;03:16:10;-1,1;0,1
2020-04-05;03:21:10;-1,2;-0,1
2020-04-05;03:26:10;-1,2;-0,1
2020-04-05;03:31:10;-1,3;-0,2
2020-04-05;03:36:10;-1,3;-0,2
2020-04-05;03:41:10;-1,4;-0,2
2020-04-05;03:46:10;-1,4;-0,2
2020-04-05;03:51:10;-1,5;-0,3
2020-04-05;03:56:10;-1,5;-0,3
2020-04-05;04:01:10;-1,6;-0,3
2020-04-05;04:06:10;-1,6;-0,4
2020-04-05;04:11:10;-1,6;-0,4
2020-04-05;04:16:10;-1,7;-0,5
2020-04-05;04:21:10;-1,8;-0,4
2020-04-05;04:26:10;-1,9;-0,4
2020-04-05;04:31:10;-1,9;-0,5
2020-04-05;04:36:10;-1,9;-0,7
2020-04-05;04:41:10;-2;-0,7
2020-04-05;04:46:10;-2,1;-0,8
2020-04-05;04:51:10;-2,1;-0,8
2020-04-05;04:56:10;-2,1;-0,8
2020-04-05;05:01:10;-2,2;-0,8
2020-04-05;05:06:10;-2,2;-0,9
2020-04-05;05:11:10;-2,3;-1
2020-04-05;05:16:10;-2,3;-0,9
2020-04-05;05:21:10;-2,3;-0,9
2020-04-05;05:26:10;-2,3;-1
2020-04-05;05:31:10;-2,4;-1
2020-04-05;05:36:10;-2,5;-1
2020-04-05;05:41:10;-2,5;-1,1
2020-04-05;05:46:10;-2,5;-1,1
2020-04-05;05:51:10;-2,5;-1,3
2020-04-05;05:56:10;-2,6;-1,3
2020-04-05;06:01:10;-2,6;-1,4
2020-04-05;06:06:10;-2,6;-1,5
2020-04-05;06:11:10;-2,8;-1,5
2020-04-05;06:16:10;-2,8;-1,5
2020-04-05;06:21:10;-2,8;-1,5
2020-04-05;06:26:10;-3;-1,6
2020-04-05;06:31:10;-3;-1,6
2020-04-05;06:36:10;-2,9;-1,6
2020-04-05;06:41:10;-3;-1,6
2020-04-05;06:46:10;-3;-1,7
2020-04-05;06:51:10;-3;-1,6
2020-04-05;06:56:10;-2,8;-1,6
2020-04-05;07:01:10;-2,6;-1,6
2020-04-05;07:06:10;-2,6;-1,3
2020-04-05;07:11:10;-2,4;-1,1
2020-04-05;07:16:10;-2,1;-0,8
2020-04-05;07:21:10;-1,9;-0,6
2020-04-05;07:26:10;-1,6;-0,2
2020-04-05;07:31:10;-1,5;0,2
2020-04-05;07:36:10;-1,2;0,4
2020-04-05;07:41:10;-0,8;0,7
2020-04-05;07:46:10;-0,4;1,1
2020-04-05;07:51:10;0,1;1,4
2020-04-05;07:56:10;1,1;1,7
2020-04-05;08:01:10;2,5;2,1
2020-04-05;08:06:10;4,3;2,4
2020-04-05;08:11:10;6,1;2,9
2020-04-05;08:16:10;8,3;3,5
2020-04-05;08:21:10;10,7;4
2020-04-05;08:26:10;13,3;4,7
2020-04-05;08:31:10;16;5,3
2020-04-05;08:36:10;19;5,9
2020-04-05;08:41:10;21,9;6,5
2020-04-05;08:46:10;25;7
2020-04-05;08:51:10;28,1;7,6
2020-04-05;08:56:10;31,7;8,1
2020-04-05;09:01:10;35,2;8,6
2020-04-05;09:06:10;39;9
2020-04-05;09:11:10;42,9;9,3
2020-04-05;09:16:10;46,4;9,6
2020-04-05;09:21:10;50,3;9,8
2020-04-05;09:26:10;54,1;9,7
2020-04-05;09:31:10;57,7;10,3
2020-04-05;09:36:10;61,1;10,4
2020-04-05;09:41:10;64,5;10,9
2020-04-05;09:46:10;67,8;11
2020-04-05;09:51:10;71;11,2
2020-04-05;09:56:10;86,6;11,5
2020-04-05;10:01:10;58,1;11,6
2020-04-05;10:06:20;70,1;12
2020-04-05;10:11:20;60,8;11,9
2020-04-05;10:16:20;69,6;11,9
2020-04-05;10:21:20;61,3;12,1
2020-04-05;10:26:20;73,3;12,2
2020-04-05;10:31:20;67,1;12,2
2020-04-05;10:36:20;61,3;12,6
2020-04-05;10:41:20;72,9;12,8
2020-04-05;10:46:20;67,6;12,9
2020-04-05;10:55:00;73;13,1
2020-04-05;11:00:00;65,7;13,1
2020-04-05;11:05:00;61,2;13,1
2020-04-05;11:10:00;74,7;13,4
2020-04-05;11:15:00;71,8;13,9
2020-04-05;11:20:00;65,6;13,8
2020-04-05;11:25:00;65;13,8
2020-04-05;11:30:00;75,8;14,2
2020-04-05;11:35:00;74,3;14,2
2020-04-05;11:40:00;68,6;14,2
2020-04-05;11:45:00;65,7;14,4
2020-04-05;11:50:00;73,1;14,3
2020-04-05;11:55:00;77,7;14,4
2020-04-05;12:00:00;72,4;14,6
2020-04-05;12:05:00;67,1;14,9
2020-04-05;12:10:00;75,1;15,4
2020-04-05;12:15:00;79,2;15,1
2020-04-05;12:20:00;72;15
2020-04-05;12:25:00;70,1;15
2020-04-05;12:30:00;79,5;15,1
2020-04-05;12:35:00;78,6;15,1
2020-04-05;12:40:00;71,1;14,8
2020-04-05;12:45:00;73,1;14,9
2020-04-05;12:50:00;73,9;15,2
2020-04-05;12:55:00;74,4;15
2020-04-05;13:00:00;75,1;15
2020-04-05;13:05:00;75,6;15,3
2020-04-05;13:10:00;76,2;15,3
2020-04-05;13:15:00;76,8;15,3
2020-04-05;13:20:00;76,9;14,9
2020-04-05;13:25:00;77,4;14,9
2020-04-05;13:30:00;77,9;15,2
2020-04-05;13:35:00;78,3;15,5
2020-04-05;13:40:00;78,5;15,6
2020-04-05;13:45:00;78,9;15,7
2020-04-05;13:50:00;79;15,4
2020-04-05;13:55:00;79,3;15,4
2020-04-05;14:00:00;79,5;15,5
2020-04-05;14:07:00;79,8;15,5
2020-04-05;14:12:00;79,9;15,7
2020-04-05;14:17:00;79,8;15,6
2020-04-05;14:22:00;79,7;15,4
2020-04-05;14:27:00;79,6;15,4
2020-04-05;14:32:00;79,4;15,6
2020-04-05;14:37:00;79,5;15,6
2020-04-05;14:42:00;79,3;15,9
2020-04-05;14:47:00;79,3;15,9
2020-04-05;14:52:00;79,2;15,8
2020-04-05;14:57:00;79,1;15,7
2020-04-05;15:02:00;78,8;15,8
2020-04-05;15:07:00;78,5;15,6
2020-04-05;15:12:00;78,2;15,8
2020-04-05;15:17:00;78,1;15,8
2020-04-05;15:22:00;81,3;15,8
2020-04-05;15:27:00;82,2;15,5
2020-04-05;15:32:00;76,4;15,4
2020-04-05;15:37:00;85,3;15,3
2020-04-05;15:42:00;76,8;15,1
2020-04-05;15:47:00;85,6;15,2
2020-04-05;15:52:00;77,4;15,3
2020-04-05;15:57:00;83,8;15,3
2020-04-05;16:02:00;77,2;15,3
2020-04-05;16:07:00;83;15,1
2020-04-05;16:12:00;74,6;14,9
2020-04-05;16:17:00;81,5;14,8
2020-04-05;16:22:00;75,3;14,7
2020-04-05;16:27:00;77,3;14,7
2020-04-05;16:32:00;79,7;14,6
2020-04-05;16:37:00;79,8;14,5
2020-04-05;16:42:00;79,4;14,5
2020-04-05;16:47:00;78,8;14,4
2020-04-05;16:52:00;77,2;14,3
2020-04-05;16:57:00;75,9;14,2
2020-04-05;17:02:00;74;14,2
2020-04-05;17:07:00;71,7;14,2
2020-04-05;17:12:00;69,4;14,1
2020-04-05;17:17:00;67,1;14
2020-04-05;17:22:00;64,7;13,9
2020-04-05;17:27:00;62,4;13,8
2020-04-05;17:32:00;60,1;13,6
2020-04-05;17:37:00;57,8;13,7
2020-04-05;17:42:00;55,5;13,6
2020-04-05;17:47:00;53,4;13,4
2020-04-05;17:52:00;51,4;13,4
2020-04-05;17:57:00;49,4;13,4
2020-04-05;18:02:00;47,4;13,3
2020-04-05;18:07:00;45,7;13,2
2020-04-05;18:12:00;43,9;13,2
2020-04-05;18:17:00;42,2;13
2020-04-05;18:22:00;40,7;13
2020-04-05;18:27:00;39,3;12,9
2020-04-05;18:32:00;38;12,9
2020-04-05;18:37:00;36,7;12,8
2020-04-05;18:42:00;35,6;12,8
2020-04-05;18:47:00;34,6;12,6
2020-04-05;18:52:00;33,5;12,4
2020-04-05;18:57:00;32,6;12,4
2020-04-05;19:02:00;31,7;12,3
2020-04-05;19:07:00;30,8;12,1
2020-04-05;19:12:00;29,9;12
2020-04-05;19:17:00;29;11,9
2020-04-05;19:22:00;28,3;11,7
2020-04-05;19:27:00;27,6;11,5
2020-04-05;19:32:00;26,7;11,4
2020-04-05;19:37:00;26,1;11,3
2020-04-05;19:42:00;25,3;11,1
2020-04-05;19:47:00;24,5;10,9
2020-04-05;19:52:00;23,8;10,7
2020-04-05;19:57:00;23,1;10,5
2020-04-05;20:02:00;22,5;10,4
2020-04-05;20:07:00;21,9;10,2
2020-04-05;20:12:00;21,3;10
2020-04-05;20:17:00;20,7;9,9
2020-04-05;20:22:00;20,1;9,7
2020-04-05;20:27:00;19,6;9,4
2020-04-05;20:33:20;19;9,2
2020-04-05;20:38:20;18,6;9
2020-04-05;20:43:20;18,1;8,9
2020-04-05;20:48:20;17,6;8,7
2020-04-05;20:53:20;17;8,5
2020-04-05;20:58:20;16,4;8,3
2020-04-05;21:03:20;15,8;8,1
2020-04-05;21:08:20;15,3;7,9
2020-04-05;21:13:20;14,9;7,8
2020-04-05;21:18:20;14,5;7,6
2020-04-05;21:23:20;14;7,4
2020-04-05;21:28:20;13,5;7,3
2020-04-05;21:33:20;12,9;7,2
2020-04-05;21:38:20;12,2;7
2020-04-05;21:43:20;11,3;6,9
2020-04-05;21:48:20;10,6;6,7
2020-04-05;21:53:20;10;6,7
2020-04-05;21:58:20;9,4;6,5
2020-04-05;22:03:20;8,8;6,4
2020-04-05;22:08:20;8,2;6,2
2020-04-05;22:13:20;7,6;6,2
2020-04-05;22:18:20;7,1;6,1
2020-04-05;22:28:10;6,4;5,8
2020-04-05;22:34:50;6;5,7
2020-04-05;22:39:50;5,8;5,6
2020-04-05;22:46:00;5,5;5,4
2020-04-05;22:51:00;5,3;5,3
2020-04-05;22:56:00;5,1;5,2
2020-04-05;23:01:00;4,8;5,2
2020-04-05;23:06:00;4,8;5,1
2020-04-05;23:11:00;4,5;5
2020-04-05;23:16:00;4,3;4,9
2020-04-05;23:21:00;4,2;4,8
2020-04-05;23:26:00;4,1;4,7
2020-04-05;23:31:00;4;4,6
2020-04-05;23:36:00;3,8;4,6
2020-04-05;23:41:00;3,7;4,4
2020-04-05;23:46:00;3,5;4,3
2020-04-05;23:51:00;3,4;4,2
2020-04-05;23:56:00;3,3;4,2
2020-04-06;00:02:00;3,2;4
2020-04-06;00:07:00;3;4
2020-04-06;00:12:00;2,8;3,9
2020-04-06;00:17:00;2,8;3,8
2020-04-06;00:22:00;2,7;3,7
2020-04-06;00:27:00;2,6;3,7
2020-04-06;00:32:00;2,4;3,6
2020-04-06;00:37:00;2,3;3,6
2020-04-06;00:42:00;2,3;3,5
2020-04-06;00:47:00;2,3;3,4
2020-04-06;00:52:00;2,1;3,4
2020-04-06;00:57:00;2;3,3
2020-04-06;01:02:00;1,9;3,2
2020-04-06;01:07:00;1,9;3,2
2020-04-06;01:12:00;1,8;3,2
2020-04-06;01:17:00;1,7;3,1
2020-04-06;01:22:00;1,7;3,1
2020-04-06;01:27:00;1,6;3
2020-04-06;01:32:00;1,5;3
2020-04-06;01:37:00;1,4;2,9
2020-04-06;01:42:00;1,3;2,8
2020-04-06;01:47:00;1,3;2,7
2020-04-06;01:52:00;1,2;2,8
2020-04-06;01:57:00;1,1;2,7
2020-04-06;02:02:00;0,9;2,7
2020-04-06;02:07:00;0,9;2,7
2020-04-06;02:12:00;0,8;2,6
2020-04-06;02:17:00;0,8;2,6
2020-04-06;02:22:00;0,8;2,6
2020-04-06;02:27:00;0,6;2,6
2020-04-06;02:32:00;0,7;2,4
2020-04-06;02:37:00;0,5;2,4
2020-04-06;02:42:00;0,4;2,3
2020-04-06;02:47:00;0,3;2,3
2020-04-06;02:52:00;0,3;2,2
2020-04-06;02:57:00;0,2;2,2
2020-04-06;03:02:00;0,2;2,1
2020-04-06;03:07:00;0,1;2
2020-04-06;03:12:00;0;2
2020-04-06;03:17:00;0;2
2020-04-06;03:22:00;-0,2;1,8
2020-04-06;03:27:00;-0,2;1,8
2020-04-06;03:32:00;-0,2;1,7
2020-04-06;03:37:00;-0,2;1,7
2020-04-06;03:42:00;-0,3;1,7
2020-04-06;03:47:00;-0,4;1,7
2020-04-06;03:52:00;-0,4;1,7
2020-04-06;03:57:00;-0,4;1,6
2020-04-06;04:02:00;-0,5;1,6
2020-04-06;04:07:00;-0,6;1,6
2020-04-06;04:12:00;-0,6;1,6
2020-04-06;04:17:00;-0,7;1,5
2020-04-06;04:22:00;-0,7;1,5
2020-04-06;04:27:00;-0,7;1,4
2020-04-06;04:32:00;-0,8;1,3
2020-04-06;04:37:00;-0,9;1,2
2020-04-06;04:42:00;-0,9;1,2
2020-04-06;04:47:00;-1,1;1,2
2020-04-06;04:52:00;-1,1;1,2
2020-04-06;04:57:00;-1,1;1,2
2020-04-06;05:02:00;-1,2;1,2
2020-04-06;05:07:00;-1,2;1,2
2020-04-06;05:12:00;-1,2;1,2
2020-04-06;05:17:00;-1,3;1,2
2020-04-06;05:22:00;-1,3;1,2
2020-04-06;05:27:00;-1,3;1,1
2020-04-06;05:32:00;-1,5;1
2020-04-06;05:37:00;-1,5;1
2020-04-06;05:42:00;-1,5;0,8
2020-04-06;05:47:00;-1,5;0,8
2020-04-06;05:52:00;-1,6;0,8
2020-04-06;05:57:00;-1,6;0,8
2020-04-06;06:02:00;-1,6;0,7
2020-04-06;06:07:00;-1,6;0,7
2020-04-06;06:12:00;-1,7;0,6
2020-04-06;06:17:00;-1,7;0,6
2020-04-06;06:22:00;-1,7;0,6
2020-04-06;06:27:00;-1,8;0,6
2020-04-06;06:32:00;-1,8;0,5
2020-04-06;06:37:00;-1,8;0,5
2020-04-06;06:42:00;-1,8;0,5
2020-04-06;06:47:00;-1,8;0,5
2020-04-06;06:52:00;-1,8;0,5
2020-04-06;06:57:00;-1,6;0,6
2020-04-06;07:02:00;-1,5;0,7
2020-04-06;07:07:00;-1,4;0,9
2020-04-06;07:12:00;-1,1;1,2
2020-04-06;07:17:00;-1;1,7
2020-04-06;07:22:00;-0,7;2,1
2020-04-06;07:27:00;-0,5;2,4
2020-04-06;07:32:00;-0,2;2,8
2020-04-06;07:37:00;0,1;3,2
2020-04-06;07:42:00;0,4;3,7
2020-04-06;07:47:00;0,8;4,1
2020-04-06;07:52:00;1,4;4,5
2020-04-06;07:57:00;2,3;4,9
2020-04-06;08:02:00;3,8;5,5
2020-04-06;08:07:00;5,4;6
2020-04-06;08:13:10;7,8;6,4
2020-04-06;08:18:10;10,1;6,8
2020-04-06;08:23:10;12,5;7,2
2020-04-06;08:28:10;15,2;7,4
2020-04-06;08:33:10;18;8
2020-04-06;08:38:10;20,9;8,4
2020-04-06;08:43:10;23,9;8,7
2020-04-06;08:48:10;27,1;9,1
2020-04-06;08:53:10;30,4;9,3
2020-04-06;08:58:10;33,8;9,6
2020-04-06;09:03:10;37,4;10
2020-04-06;09:08:10;40,9;10,2
2020-04-06;09:13:10;44,4;10,5
2020-04-06;09:18:10;47,9;10,9
2020-04-06;09:23:10;51,2;11
2020-04-06;09:28:10;54,6;11,4
2020-04-06;09:33:10;70,1;11,5
2020-04-06;09:38:10;47,1;11,8
2020-04-06;09:43:10;52,5;11,9
2020-04-06;09:48:10;59,9;12
2020-04-06;09:53:10;50,6;11,9
2020-04-06;09:58:10;60,3;12,2
2020-04-06;10:03:10;50,9;12,3
2020-04-06;10:08:10;53,4;12,6
2020-04-06;10:13:10;54,1;12,9
2020-04-06;10:18:10;47,6;13,1
2020-04-06;10:23:10;61,7;13,4
2020-04-06;10:28:10;52;13,7
2020-04-06;10:33:10;51,7;13,5
2020-04-06;10:38:10;61,7;13,6
2020-04-06;10:43:10;52,8;13,9
2020-04-06;10:48:10;54,5;14,1
2020-04-06;10:53:10;63,4;14,4
2020-04-06;10:58:10;54,2;14,8
2020-04-06;11:03:10;55,9;14,9
2020-04-06;11:08:10;64,5;15,1
2020-04-06;11:13:10;54,4;15,5
2020-04-06;11:18:10;56,9;15,8
2020-04-06;11:23:10;57,7;15,9
2020-04-06;11:28:10;58,5;15,9
2020-04-06;11:33:10;59,4;15,9
2020-04-06;11:38:10;60,3;16
2020-04-06;11:43:10;61;16,4
2020-04-06;11:48:10;62,1;16,5
2020-04-06;11:53:10;62,8;16,7
2020-04-06;11:58:10;63,6;16,7
2020-04-06;12:03:10;64,3;16,8
2020-04-06;12:08:10;65,1;17
2020-04-06;12:13:10;66,1;17,2
2020-04-06;12:18:10;66,8;17,1
2020-04-06;12:23:10;67,5;17,1
2020-04-06;12:28:10;68,1;17
2020-04-06;12:33:10;68,9;17,4
2020-04-06;12:38:10;67,8;17,4
2020-04-06;12:43:10;66;17,6
2020-04-06;12:48:10;65,2;17,7
2020-04-06;12:53:10;64,5;17,6
2020-04-06;12:58:10;64,4;17,8
2020-04-06;13:03:10;64,2;17,9
2020-04-06;13:08:10;64;18,1
2020-04-06;13:13:10;64,1;18
2020-04-06;13:18:10;63,9;17,9
2020-04-06;13:23:10;63,9;18
2020-04-06;13:28:10;64,5;17,9
2020-04-06;13:33:10;65;17,9
2020-04-06;13:38:10;65,3;17,9
2020-04-06;13:43:10;65,3;17,8
2020-04-06;13:48:10;65,8;17,9
2020-04-06;13:53:10;66,3;17,9
2020-04-06;13:58:10;66,6;17,8
2020-04-06;14:03:10;67;17,9
2020-04-06;14:08:10;67;17,7
2020-04-06;14:13:10;67,4;17,7
2020-04-06;14:19:50;67,6;17,7
2020-04-06;14:24:50;67,6;17,7
2020-04-06;14:29:50;67,8;17,7
2020-04-06;14:34:50;68,1;17,7
2020-04-06;14:39:50;67,6;17,5
2020-04-06;14:44:50;65,9;17,4
2020-04-06;14:49:50;68,2;17,4
2020-04-06;14:54:50;63,2;17,4
2020-04-06;14:59:50;71,9;17,4
2020-04-06;15:04:50;71,6;17,6
2020-04-06;15:09:50;64,8;17,5
2020-04-06;15:14:50;64,6;17,6
2020-04-06;15:22:30;63,1;17,4
2020-04-06;15:27:30;72,5;17,4
2020-04-06;15:32:30;66,5;17,4
2020-04-06;15:37:30;62;17,3
2020-04-06;15:42:30;71,6;17,3
2020-04-06;15:47:30;64,4;17,2
2020-04-06;15:52:30;68,8;17,1
2020-04-06;15:57:30;67,3;17,1
2020-04-06;16:02:30;62,3;16,9
2020-04-06;16:07:30;67,4;16,9
2020-04-06;16:12:30;62,1;16,8
2020-04-06;16:17:30;65,6;16,6
2020-04-06;16:22:30;70,2;16,5
2020-04-06;16:27:30;61,1;16,5
2020-04-06;16:32:30;65,9;16,4
2020-04-06;16:37:30;68,8;16,4
2020-04-06;16:42:30;69,2;16,2
2020-04-06;16:47:30;68,4;16,1
2020-04-06;16:52:30;67,3;16
2020-04-06;16:57:30;66;16
2020-04-06;17:02:30;64,5;15,9
2020-04-06;17:07:30;62,7;15,8
2020-04-06;17:12:30;60,8;15,7
2020-04-06;17:17:30;58,9;15,5
2020-04-06;17:22:30;56,9;15,5
2020-04-06;17:27:30;55,1;15,3
2020-04-06;17:32:30;53,6;15,2
2020-04-06;17:37:30;51,8;15,2
2020-04-06;17:42:30;49,9;15,1
2020-04-06;17:47:30;47,9;15
2020-04-06;17:52:30;46,1;14,9
2020-04-06;17:57:30;44,2;14,8
2020-04-06;18:02:30;42,5;14,8
2020-04-06;18:07:30;40,8;14,7
2020-04-06;18:12:30;39,2;14,5
2020-04-06;18:17:30;37,7;14,4
2020-04-06;18:22:30;36,4;14,4
2020-04-06;18:27:30;35,2;14,3
2020-04-06;18:32:30;34;14,2
2020-04-06;18:37:30;33;14,1
2020-04-06;18:42:30;32;14
2020-04-06;18:47:30;31,1;13,9
2020-04-06;18:52:30;30,2;13,8
2020-04-06;18:57:30;29,4;13,6
2020-04-06;19:02:30;28,7;13,5
2020-04-06;19:07:30;28;13,4
2020-04-06;19:12:30;27,2;13,2
2020-04-06;19:17:30;26,7;13,2
2020-04-06;19:22:30;25,9;12,9
2020-04-06;19:27:30;25,4;12,9
2020-04-06;19:32:30;24,8;12,7
2020-04-06;19:37:30;24,1;12,6
2020-04-06;19:42:30;23,7;12,5
2020-04-06;19:47:30;23;12,3
2020-04-06;19:52:30;22,5;12,1
2020-04-06;19:57:30;22;11,9
2020-04-06;20:02:30;21,4;11,8
2020-04-06;20:07:30;21;11,6
2020-04-06;20:12:30;20,5;11,5
2020-04-06;20:17:30;20;11,4
2020-04-06;20:22:30;19,5;11,3
2020-04-06;20:27:30;18,9;11,1
2020-04-06;20:32:50;18,4;11
2020-04-06;20:37:50;17,9;10,9
2020-04-06;20:42:50;17,5;10,7
2020-04-06;20:47:50;17;10,6
2020-04-06;20:52:50;16,5;10,5
2020-04-06;20:57:50;16;10,4
2020-04-06;21:02:50;15,2;10,3
2020-04-06;21:07:50;14,5;10,2
2020-04-06;21:12:50;13,8;10,2
2020-04-06;21:17:50;13,1;10,1
2020-04-06;21:22:50;12,5;10
2020-04-06;21:27:50;11,9;9,9
2020-04-06;21:32:50;11,4;9,9
2020-04-06;21:37:50;10,8;9,8
2020-04-06;21:42:50;10,5;9,6
2020-04-06;21:47:50;10,2;9,5
2020-04-06;21:52:50;9,9;9,5
2020-04-06;21:57:50;9,6;9,4
2020-04-06;22:02:50;9,4;9,4
2020-04-06;22:07:50;9,2;9,4
2020-04-06;22:15:20;9;9,3
2020-04-06;22:20:20;8,9;9,2
2020-04-06;22:25:20;8,8;9,3
2020-04-06;22:30:20;8,7;9,3
2020-04-06;22:35:20;8,5;9,3
2020-04-06;22:40:20;8,5;9,3
2020-04-06;22:45:20;8,4;9,2
2020-04-06;22:50:20;8,3;9,2
2020-04-06;22:55:20;8,3;9,2
2020-04-06;23:00:20;8,3;9,2
2020-04-06;23:05:20;8,2;9,1
2020-04-06;23:10:20;8,1;9,1
2020-04-06;23:15:20;7,9;9
2020-04-06;23:20:20;7,9;9
2020-04-06;23:25:20;7,8;8,9
2020-04-06;23:30:20;7,8;8,9
2020-04-06;23:35:20;7,7;8,9
2020-04-06;23:40:20;7,6;8,9
2020-04-06;23:45:20;7,4;8,8
2020-04-06;23:50:20;7,3;8,7
2020-04-06;23:55:20;7,3;8,5
2020-04-07;00:00:20;7,2;8,4
2020-04-07;00:05:20;7;8,3
2020-04-07;00:10:20;6,9;8,3
2020-04-07;00:15:20;6,8;8,1
2020-04-07;00:20:20;6,7;8
2020-04-07;00:25:20;6,6;8
2020-04-07;00:30:20;6,4;7,9
2020-04-07;00:35:20;6,4;7,8
2020-04-07;00:40:20;6,3;7,7
2020-04-07;00:45:20;6,2;7,6
2020-04-07;00:50:20;6;7,6
2020-04-07;00:55:20;5,9;7,5
2020-04-07;01:00:20;5,7;7,3
2020-04-07;01:05:20;5,7;7,3
2020-04-07;01:10:20;5,5;7,3
2020-04-07;01:15:20;5,5;7,4
2020-04-07;01:20:20;5,4;7,4
2020-04-07;01:25:20;5,4;7,3
2020-04-07;01:30:20;5,3;7,2
2020-04-07;01:35:20;5,3;7,1
2020-04-07;01:40:20;5,3;7
2020-04-07;01:45:20;5,2;7,1
2020-04-07;01:50:20;5,1;7,1
2020-04-07;01:55:20;5,1;7,2
2020-04-07;02:00:20;5,1;7,2
2020-04-07;02:05:20;5,1;7,4
2020-04-07;02:10:20;5,1;7,4
2020-04-07;02:15:20;5,1;7,5
2020-04-07;02:20:20;5,1;7,5
2020-04-07;02:25:20;5,1;7,7
2020-04-07;02:30:20;5,3;7,8
2020-04-07;02:35:20;5,3;7,8
2020-04-07;02:40:20;5,3;7,8
2020-04-07;02:45:20;5,3;7,7
2020-04-07;02:50:20;5,3;7,7
2020-04-07;02:55:20;5,3;7,7
2020-04-07;03:00:20;5,3;7,8
2020-04-07;03:05:20;5,3;7,7
2020-04-07;03:10:20;5,3;7,6
2020-04-07;03:15:20;5,3;7,5
2020-04-07;03:20:20;5,3;7,5
2020-04-07;03:25:20;5,3;7,6
2020-04-07;03:30:20;5,3;7,6
2020-04-07;03:35:20;5,3;7,7
2020-04-07;03:40:20;5,3;7,7
2020-04-07;03:45:20;5,3;7,6
2020-04-07;03:50:20;5,3;7,5
2020-04-07;03:55:20;5,2;7,3
2020-04-07;04:00:20;5;7,2
2020-04-07;04:05:20;5,1;7
2020-04-07;04:10:20;4,9;6,7
2020-04-07;04:15:20;4,8;6,5
2020-04-07;04:20:20;4,7;6,4
2020-04-07;04:25:20;4,7;6,3
2020-04-07;04:30:20;4,5;6,2
2020-04-07;04:35:20;4,3;6,2
2020-04-07;04:40:20;4,3;6,1
2020-04-07;04:45:20;4,2;6
2020-04-07;04:50:20;4,1;6
2020-04-07;04:55:20;4;6
2020-04-07;05:00:20;3,9;5,9
2020-04-07;05:05:20;3,8;5,9
2020-04-07;05:10:20;3,8;5,8
2020-04-07;05:15:20;3,7;5,6
2020-04-07;05:20:20;3,5;5,4
2020-04-07;05:25:20;3,3;5,2
2020-04-07;05:30:20;3,2;5,1
2020-04-07;05:35:20;3;5
2020-04-07;05:40:20;2,8;4,8
2020-04-07;05:45:20;2,6;4,6
2020-04-07;05:50:20;2,5;4,5
2020-04-07;05:55:20;2,3;4,3
2020-04-07;06:00:20;2,2;4,2
2020-04-07;06:05:20;2;4,1
2020-04-07;06:10:20;1,8;3,9
2020-04-07;06:15:20;1,7;3,7
2020-04-07;06:20:20;1,5;3,6
2020-04-07;06:25:20;1,4;3,4
2020-04-07;06:30:20;1,3;3,2
2020-04-07;06:35:20;1,2;3,2
2020-04-07;06:40:20;1,1;3,1
2020-04-07;06:45:20;1,1;2,9
2020-04-07;06:50:20;1,1;2,9
2020-04-07;06:55:20;1,1;2,8
2020-04-07;07:00:20;1,3;2,9
2020-04-07;07:05:20;1,3;3,4
2020-04-07;07:10:20;1,3;3,9
2020-04-07;07:15:20;1,5;4,3
2020-04-07;07:20:20;1,7;4,8
2020-04-07;07:25:20;1,8;5,2
2020-04-07;07:30:20;2;5,7
2020-04-07;07:35:20;2,1;6,2
2020-04-07;07:40:20;2,3;6,6
2020-04-07;07:45:20;2,7;6,9
2020-04-07;07:50:20;3,3;7,4
2020-04-07;07:58:30;5,6;8,4
2020-04-07;08:03:30;7,7;8,8
2020-04-07;08:08:30;10;9,3
2020-04-07;08:13:30;12,5;9,6
2020-04-07;08:18:30;15,3;10
2020-04-07;08:23:30;18,1;10,5
2020-04-07;08:28:30;21,1;10,7
2020-04-07;08:33:30;24,2;10,9
2020-04-07;08:39:20;28,2;11,4
2020-04-07;08:44:20;31,5;11,6
2020-04-07;08:49:20;34,8;11,8
2020-04-07;08:54:20;38,4;11,9
2020-04-07;08:59:20;42,1;12,3
2020-04-07;09:04:20;45,7;12,4
2020-04-07;09:09:20;49,2;12,5
2020-04-07;09:14:20;61,2;12,7
2020-04-07;09:19:20;56,9;13
2020-04-07;09:24:20;45,9;13,3
2020-04-07;09:29:20;54,2;13,5
2020-04-07;09:34:20;43,9;13,7
2020-04-07;09:39:20;50,6;13,9
2020-04-07;09:44:20;45;14,4
2020-04-07;09:49:20;52,3;14,5
2020-04-07;09:54:20;44,4;14,7
2020-04-07;09:59:20;58,3;14,5
2020-04-07;10:04:20;48,4;14,8
2020-04-07;10:09:20;50,7;14,5
2020-04-07;10:14:20;53,9;14,9
2020-04-07;10:19:20;47,6;15,1
2020-04-07;10:24:20;60,2;15,6
2020-04-07;10:29:20;51,1;15,5
2020-04-07;10:34:20;52,2;15,7
2020-04-07;10:39:20;52,9;15,8
2020-04-07;10:44:20;52,9;15,9
2020-04-07;10:49:20;54;16
2020-04-07;10:54:20;54,9;16,3
2020-04-07;10:59:20;56,1;16,7
2020-04-07;11:04:20;57,1;16,4
2020-04-07;11:09:20;58,1;16,6
2020-04-07;11:14:20;59;16,4
2020-04-07;11:19:20;59,9;16,4
2020-04-07;11:24:20;60,8;16,6
2020-04-07;11:29:20;61,9;16,9
2020-04-07;11:34:20;62,8;16,9
2020-04-07;11:39:20;63,7;17
2020-04-07;11:44:20;64,6;17,2
2020-04-07;11:49:20;65,3;17,3
2020-04-07;11:54:20;66,1;17,2
2020-04-07;11:59:20;66,9;17,4
2020-04-07;12:04:20;67,6;17,4
2020-04-07;12:09:20;68,1;17,4
2020-04-07;12:14:20;68,6;17,8
2020-04-07;12:19:20;68,9;17,7
2020-04-07;12:24:20;69,4;17,7
2020-04-07;12:29:20;68;17,9
2020-04-07;12:34:20;66,6;18
2020-04-07;12:39:20;66;17,9
2020-04-07;12:44:20;66;18,1
2020-04-07;12:49:20;66,1;18,3
2020-04-07;12:54:20;65,9;18
2020-04-07;12:59:20;66,1;18,1
2020-04-07;13:04:20;66,1;18,4
2020-04-07;13:09:20;66,2;18,2
2020-04-07;13:14:20;66,6;18,4
2020-04-07;13:19:20;66,9;18,6
2020-04-07;13:24:20;67,5;18,5
2020-04-07;13:29:20;67,9;18,7
2020-04-07;13:34:20;68,6;18,9
2020-04-07;13:39:20;68,8;18,9
2020-04-07;13:44:20;69,1;18,9
2020-04-07;13:49:20;69,5;18,9
2020-04-07;13:54:20;70;18,9
2020-04-07;13:59:20;70,3;18,9
2020-04-07;14:04:20;70,6;19
2020-04-07;14:09:20;70,8;18,9
2020-04-07;14:14:20;71;18,7
2020-04-07;14:19:20;71,3;18,8
2020-04-07;14:24:20;71,2;18,7
2020-04-07;14:29:20;71,2;18,7
2020-04-07;14:34:20;71,3;18,8
2020-04-07;14:39:20;71,2;18,7
2020-04-07;14:44:20;69,6;18,7
2020-04-07;14:49:20;68;18,9
2020-04-07;14:56:00;66,4;18,6
2020-04-07;15:01:00;65,7;18,5
2020-04-07;15:06:00;64,9;18,7
2020-04-07;15:11:00;67,8;18,4
2020-04-07;15:16:00;73,1;18,4
2020-04-07;15:21:00;66,4;18,5
2020-04-07;15:26:00;64,4;18,4
2020-04-07;15:31:00;73;18,4
2020-04-07;15:36:00;67,6;18,4
2020-04-07;15:41:00;62,8;18,3
2020-04-07;15:46:00;72,3;18,3
2020-04-07;15:51:00;66,7;18,2
2020-04-07;15:56:00;62,8;18,1
2020-04-07;16:01:00;71,5;18,1
2020-04-07;16:06:00;64,1;18,1
2020-04-07;16:11:00;70,3;17,9
2020-04-07;16:20:10;71,2;17,9
2020-04-07;16:25:10;63,4;17,9
2020-04-07;16:30:10;69,4;17,8
2020-04-07;16:35:10;60,6;17,8
2020-04-07;16:40:10;65,5;17,7
2020-04-07;16:45:10;68,6;17,6
2020-04-07;16:50:10;69,1;17,6
2020-04-07;16:55:10;68,6;17,5
2020-04-07;17:00:10;67,6;17,4
2020-04-07;17:05:10;66,3;17,2
2020-04-07;17:10:10;64,7;17,2
2020-04-07;17:15:10;63;17
2020-04-07;17:20:10;60,9;16,9
2020-04-07;17:25:10;59;16,9
2020-04-07;17:30:10;57;16,8
2020-04-07;17:35:10;55,3;16,6
2020-04-07;17:40:10;53,6;16,5
2020-04-07;17:45:10;51,6;16,4
2020-04-07;17:50:10;49,8;16,4
2020-04-07;17:55:10;47,9;16,2
2020-04-07;18:00:10;46;16
2020-04-07;18:05:10;44,4;15,9
2020-04-07;18:10:10;42,8;15,9
2020-04-07;18:15:10;41,2;15,7
2020-04-07;18:20:10;39,9;15,6
2020-04-07;18:25:10;38,6;15,5
2020-04-07;18:30:10;37,4;15,4
2020-04-07;18:35:10;36,2;15,3
2020-04-07;18:40:10;35,2;15,2
2020-04-07;18:45:10;34,3;15
2020-04-07;18:50:10;33,4;14,9
2020-04-07;18:55:10;32,6;14,9
2020-04-07;19:00:10;31,9;14,7
2020-04-07;19:05:10;31;14,5
2020-04-07;19:10:10;30,3;14,4
2020-04-07;19:15:10;29,5;14,3
2020-04-07;19:20:10;29;14,1
2020-04-07;19:25:10;28,3;14
2020-04-07;19:30:10;27,7;13,8
2020-04-07;19:35:10;27,1;13,7
2020-04-07;19:40:10;26,3;13,4
2020-04-07;19:45:10;25,8;13,2
2020-04-07;19:50:10;25,1;13
2020-04-07;19:57:00;24,3;12,8
2020-04-07;20:02:00;23,7;12,5
2020-04-07;20:07:00;23,1;12,3
2020-04-07;20:12:00;22,4;12
2020-04-07;20:17:00;21,7;11,7
2020-04-07;20:22:00;21;11,5
2020-04-07;20:27:00;20,5;11,4
2020-04-07;20:32:00;20;11,2
2020-04-07;20:37:00;19,4;11
2020-04-07;20:42:00;18,6;10,8
2020-04-07;20:47:00;17,5;10,5
2020-04-07;20:52:00;16,5;10,4
2020-04-07;20:57:00;15,5;10,2
2020-04-07;21:02:00;14,8;10
2020-04-07;21:07:00;13,6;9,9
2020-04-07;21:12:00;12,8;9,7
2020-04-07;21:17:00;12,1;9,5
2020-04-07;21:22:00;11,5;9,4
2020-04-07;21:27:00;11;9,3
2020-04-07;21:32:00;10,5;9,1
2020-04-07;21:37:00;10,2;9
2020-04-07;21:42:00;9,9;8,9
2020-04-07;21:47:00;9,5;8,8
2020-04-07;21:52:00;9,2;8,7
2020-04-07;21:57:00;9;8,5
2020-04-07;22:02:00;8,6;8,4
2020-04-07;22:07:00;8,4;8,3
2020-04-07;22:12:00;8,2;8,1
2020-04-07;22:17:00;8;8
2020-04-07;22:22:00;7,8;7,9
2020-04-07;22:27:00;7,6;7,7
2020-04-07;22:32:00;7,4;7,6
2020-04-07;22:37:00;7,3;7,5
2020-04-07;22:42:00;7,1;7,4
2020-04-07;22:47:00;6,8;7,3
2020-04-07;22:52:00;6,7;7,2
2020-04-07;22:57:00;6,5;7,1
2020-04-07;23:02:00;6,3;7
2020-04-07;23:07:00;6,2;6,9
2020-04-07;23:12:00;6,1;6,8
2020-04-07;23:17:00;5,9;6,7
2020-04-07;23:22:00;5,8;6,7
2020-04-07;23:27:00;5,7;6,6
2020-04-07;23:32:00;5,6;6,5
2020-04-07;23:37:00;5,4;6,4
2020-04-07;23:42:00;5,3;6,2
2020-04-07;23:47:00;5,3;6,2
2020-04-07;23:52:00;5,2;6
2020-04-07;23:57:00;5;6
2020-04-08;00:02:00;4,8;5,9
2020-04-08;00:07:00;4,8;5,7
2020-04-08;00:12:00;4,7;5,7
2020-04-08;00:17:00;4,6;5,6
2020-04-08;00:22:00;4,5;5,6
2020-04-08;00:27:00;4,3;5,4
2020-04-08;00:32:00;4,2;5,3
2020-04-08;00:37:00;4,1;5,2
2020-04-08;00:42:00;4;5,1
2020-04-08;00:47:00;3,9;5
2020-04-08;00:52:00;3,8;5
2020-04-08;00:57:00;3,7;4,9
2020-04-08;01:02:00;3,6;4,8
2020-04-08;01:07:00;3,5;4,7
2020-04-08;01:12:00;3,4;4,7
2020-04-08;01:17:00;3,3;4,5
2020-04-08;01:22:00;3,3;4,5
2020-04-08;01:27:00;3,2;4,3
2020-04-08;01:32:00;3,1;4,2
2020-04-08;01:37:00;2,9;4,2
2020-04-08;01:42:00;2,8;4,2
2020-04-08;01:47:00;2,8;4
2020-04-08;01:52:00;2,7;4
2020-04-08;01:57:00;2,5;3,9
2020-04-08;02:02:00;2,4;3,8
2020-04-08;02:07:00;2,3;3,7
2020-04-08;02:12:00;2,2;3,7
2020-04-08;02:17:00;2,2;3,6
2020-04-08;02:22:00;2,2;3,6
2020-04-08;02:27:00;2;3,5
2020-04-08;02:32:00;1,9;3,4
2020-04-08;02:37:00;1,8;3,3
2020-04-08;02:42:00;1,7;3,2
2020-04-08;02:47:00;1,6;3,1
2020-04-08;02:52:00;1,6;3,1
2020-04-08;02:57:00;1,4;3
2020-04-08;03:02:00;1,3;2,9
2020-04-08;03:07:00;1,2;2,7
2020-04-08;03:12:00;1,1;2,7
2020-04-08;03:17:00;1,1;2,6
2020-04-08;03:22:00;0,9;2,5
2020-04-08;03:27:00;0,9;2,4
2020-04-08;03:32:00;0,8;2,3
2020-04-08;03:37:00;0,7;2,2
2020-04-08;03:42:00;0,6;2,2
2020-04-08;03:47:00;0,5;2,1
2020-04-08;03:52:00;0,4;2
2020-04-08;03:57:00;0,3;1,9
2020-04-08;04:02:00;0,2;1,8
2020-04-08;04:07:00;0,2;1,7
2020-04-08;04:12:00;0,1;1,7
2020-04-08;04:17:00;0;1,6
2020-04-08;04:22:00;-0,1;1,5
2020-04-08;04:27:00;-0,2;1,4
2020-04-08;04:32:00;-0,2;1,3
2020-04-08;04:37:00;-0,3;1,2
2020-04-08;04:42:00;-0,4;1,2
2020-04-08;04:47:00;-0,5;1,2
2020-04-08;04:52:00;-0,6;1,2
2020-04-08;04:57:00;-0,7;1,1
2020-04-08;05:02:00;-0,7;1,1
2020-04-08;05:07:00;-0,9;0,9
2020-04-08;05:12:00;-0,9;0,9
2020-04-08;05:17:00;-1;0,8
2020-04-08;05:22:00;-1,1;0,7
2020-04-08;05:27:00;-1,2;0,6
2020-04-08;05:32:00;-1,2;0,5
2020-04-08;05:37:00;-1,3;0,5
2020-04-08;05:42:00;-1,4;0,4
2020-04-08;05:47:00;-1,5;0,3
2020-04-08;05:52:00;-1,5;0,2
2020-04-08;05:57:00;-1,6;0,1
2020-04-08;06:02:00;-1,6;0
2020-04-08;06:07:00;-1,7;0
2020-04-08;06:12:00;-1,7;-0,1
2020-04-08;06:17:00;-1,9;-0,2
2020-04-08;06:22:00;-1,9;-0,2
2020-04-08;06:27:00;-2;-0,3
2020-04-08;06:32:00;-2,1;-0,3
2020-04-08;06:37:00;-2;-0,3
2020-04-08;06:42:00;-2;-0,3
2020-04-08;06:47:00;-2;-0,3
2020-04-08;06:52:00;-1,9;-0,3
2020-04-08;06:57:00;-1,9;-0,2
2020-04-08;07:02:00;-1,6;0,3
2020-04-08;07:07:00;-1,6;1
2020-04-08;07:12:00;-1,5;1,5
2020-04-08;07:17:00;-1,3;2
2020-04-08;07:22:00;-1,2;2,5
2020-04-08;07:27:00;-1;3,1
2020-04-08;07:32:00;-0,7;3,5
2020-04-08;07:37:00;-0,5;4
2020-04-08;07:44:20;-0,2;4,7
2020-04-08;07:49:20;0,6;5,2
2020-04-08;07:54:20;1,7;5,7
2020-04-08;07:59:20;3,3;6,4
2020-04-08;08:04:20;5,4;6,9
2020-04-08;08:09:20;7,8;7,6
2020-04-08;08:14:20;10,4;8
2020-04-08;08:19:20;13,1;8,3
2020-04-08;08:24:20;16,3;8,7
2020-04-08;08:29:20;19,4;9,1
2020-04-08;08:34:20;22,8;9,6
2020-04-08;08:39:20;26,2;10,3
2020-04-08;08:44:20;29,7;10,5
2020-04-08;08:49:20;33,2;10,9
2020-04-08;08:54:20;36,8;11,1
2020-04-08;08:59:20;40,4;11,4
2020-04-08;09:04:20;44,3;11,6
2020-04-08;09:09:20;59,4;11,9
2020-04-08;09:14:20;46,8;11,9
2020-04-08;09:19:20;41,2;12,4
2020-04-08;09:29:10;39,6;12,9
2020-04-08;09:34:10;44,4;13,4
2020-04-08;09:39:10;42,3;13,7
2020-04-08;09:44:10;44,6;13,7
2020-04-08;09:49:10;43,1;14,1
2020-04-08;09:54:10;45,5;14,4
2020-04-08;09:59:10;43,2;14,9
2020-04-08;10:04:10;47,5;15,4
2020-04-08;10:09:10;44,8;15,7
2020-04-08;10:14:10;46,5;15,8
2020-04-08;10:19:10;47;15,8
2020-04-08;10:24:10;48;16
2020-04-08;10:29:10;49;16,8
2020-04-08;10:34:10;50,1;17,1
2020-04-08;10:39:10;51,2;17,5
2020-04-08;10:44:10;52,3;17,4
2020-04-08;10:49:10;53,3;17,5
2020-04-08;10:54:10;54,2;17,8
2020-04-08;10:59:10;55,3;17,9
2020-04-08;11:04:10;56,4;18,3
2020-04-08;11:09:10;57,1;18,4
2020-04-08;11:14:10;58;18,4
2020-04-08;11:19:10;59;18,5
2020-04-08;11:26:00;60;18,7
2020-04-08;11:31:00;60,9;18,6
2020-04-08;11:36:00;61,6;18,9
2020-04-08;11:41:00;62,5;18,9
2020-04-08;11:46:00;63,2;18,8
2020-04-08;11:51:00;63,8;19,1
2020-04-08;11:56:00;64,6;18,9
2020-04-08;12:01:00;65,5;19,2
2020-04-08;12:06:00;66,1;19
2020-04-08;12:11:00;66,8;19,2
2020-04-08;12:16:00;67,6;19,4
2020-04-08;12:21:00;68,3;19,4
2020-04-08;12:26:00;68,8;19,5
2020-04-08;12:31:00;69,5;19,7
2020-04-08;12:36:00;70,2;19,7
2020-04-08;12:41:00;71;19,7
2020-04-08;12:46:00;70,2;19,6
2020-04-08;12:51:00;68,5;19,9
2020-04-08;12:56:00;67,6;19,9
2020-04-08;13:01:00;67,1;19,9
2020-04-08;13:06:00;66,7;19,9
2020-04-08;13:11:00;66,2;19,9
2020-04-08;13:16:00;65,9;19,9
2020-04-08;13:21:00;66;20
2020-04-08;13:26:00;66;19,9
2020-04-08;13:31:00;66;20
2020-04-08;13:36:00;66,1;20,2
2020-04-08;13:41:00;66,2;20,4
2020-04-08;13:46:00;66,6;19,9
2020-04-08;13:51:00;66,6;20
2020-04-08;13:56:00;67,1;20,2
2020-04-08;14:01:00;67,2;20,3
2020-04-08;14:06:00;67,4;20,2
2020-04-08;14:11:00;67,7;20,3
2020-04-08;14:17:00;67,9;20,4
2020-04-08;14:22:00;68,1;20
2020-04-08;14:27:00;68,2;20
2020-04-08;14:32:00;68,5;19,9
2020-04-08;14:37:00;68,5;19,9
2020-04-08;14:42:00;68,4;19,8
2020-04-08;14:47:00;68,6;19,9
2020-04-08;14:52:00;68,4;19,7
2020-04-08;14:57:00;68,3;19,7
2020-04-08;15:02:00;68;19,7
2020-04-08;15:07:00;67,9;19,5
2020-04-08;15:12:00;67,6;19,5
2020-04-08;15:17:00;66,1;19,6
2020-04-08;15:22:00;64,3;19,4
2020-04-08;15:27:00;63;19,2
2020-04-08;15:32:00;70,5;19,2
2020-04-08;15:37:00;67,2;19,1
2020-04-08;15:42:00;61,2;19
2020-04-08;15:47:00;68,4;19
2020-04-08;15:52:00;66,4;19
2020-04-08;15:57:00;60,3;18,9
2020-04-08;16:02:00;69,9;18,9
2020-04-08;16:07:00;63,6;18,9
2020-04-08;16:12:00;60,6;18,8
2020-04-08;16:17:00;65,6;18,6
2020-04-08;16:22:00;59,5;18,5
2020-04-08;16:27:00;66,1;18,4
2020-04-08;16:32:00;59;18,4
2020-04-08;16:37:00;64;18,4
2020-04-08;16:42:00;67,6;18,4
2020-04-08;16:47:00;57,3;18,3
2020-04-08;16:52:00;61,1;18,1
2020-04-08;16:57:00;63,9;18
2020-04-08;17:02:00;64,2;17,9
2020-04-08;17:07:00;63,6;17,9
2020-04-08;17:12:00;62,5;17,9
2020-04-08;17:17:00;61;17,7
2020-04-08;17:22:00;59,4;17,5
2020-04-08;17:27:00;57,7;17,5
2020-04-08;17:32:00;55,9;17,6
2020-04-08;17:37:00;54;17,4
2020-04-08;17:42:00;52,3;17,3
2020-04-08;17:47:00;50,6;17,3
2020-04-08;17:52:00;48,9;17,1
2020-04-08;17:57:00;47,4;17,1
2020-04-08;18:02:00;45,6;16,9
2020-04-08;18:07:00;44;16,9
2020-04-08;18:12:00;42,4;16,8
2020-04-08;18:17:00;40,9;16,7
2020-04-08;18:22:00;39,5;16,5
2020-04-08;18:27:20;38,3;16,5
2020-04-08;18:32:20;37,2;16,4
2020-04-08;18:37:20;36,2;16,3
2020-04-08;18:42:20;35,2;16,2
2020-04-08;18:47:20;34,3;15,9
2020-04-08;18:52:20;33,4;15,9
2020-04-08;18:57:20;32,7;15,7
2020-04-08;19:02:20;32;15,5
2020-04-08;19:07:20;31,2;15,4
2020-04-08;19:12:20;30,7;15,3
2020-04-08;19:17:20;30;15,1
2020-04-08;19:22:20;29,2;14,9
2020-04-08;19:27:20;28,6;14,7
2020-04-08;19:32:20;28;14,4
2020-04-08;19:37:20;27,4;14,4
2020-04-08;19:42:20;26,8;14,2
2020-04-08;19:47:20;26,2;13,9
2020-04-08;19:52:20;25,7;13,9
2020-04-08;19:57:20;25;13,5
2020-04-08;20:02:20;24,5;13,4
2020-04-08;20:07:20;23,9;13,1
2020-04-08;20:12:20;23,4;12,9
2020-04-08;20:17:20;22,8;12,8
2020-04-08;20:22:20;22,3;12,4
2020-04-08;20:27:20;21,8;12,4
2020-04-08;20:32:20;21,3;12,1
2020-04-08;20:37:20;20,7;11,9
2020-04-08;20:42:20;20;11,7
2020-04-08;20:47:40;19,5;11,6
2020-04-08;20:52:40;19;11,4
2020-04-08;20:57:40;18,6;11,4
2020-04-08;21:02:40;18,1;11,2
2020-04-08;21:07:40;17,5;10,9
2020-04-08;21:12:40;16,5;10,8
2020-04-08;21:17:40;15,5;10,7
2020-04-08;21:22:40;14,7;10,5
2020-04-08;21:27:40;13,9;10,4
2020-04-08;21:32:40;13,1;10,4
2020-04-08;21:37:40;12,3;10,4
2020-04-08;21:42:40;11,6;10,4
2020-04-08;21:47:40;11,2;10,4
2020-04-08;21:52:40;10,8;10,4
2020-04-08;21:57:40;10,5;10,4
2020-04-08;22:02:40;10,3;10,3
2020-04-08;22:07:40;10;10
2020-04-08;22:12:40;9,6;9,9
2020-04-08;22:17:40;9,5;9,9
2020-04-08;22:22:40;9,3;9,9
2020-04-08;22:27:40;9,1;10,1
2020-04-08;22:32:40;9;10,3
2020-04-08;22:37:40;8,9;10,4
2020-04-08;22:42:40;8,8;10,4
2020-04-08;22:47:40;8,8;10,4
2020-04-08;22:52:40;8,8;10,4
2020-04-08;22:59:10;8,6;10,4
2020-04-08;23:04:10;8,6;10,4
2020-04-08;23:09:10;8,5;10,4
2020-04-08;23:14:10;8,4;10,2
2020-04-08;23:19:10;8,3;10
2020-04-08;23:24:10;8,2;9,9
2020-04-08;23:29:10;8;9,6
2020-04-08;23:34:10;7,8;9,4
2020-04-08;23:39:10;7,6;9,3
2020-04-08;23:44:10;7,4;9
2020-04-08;23:49:10;7,3;8,9
2020-04-08;23:54:10;7,2;8,7
2020-04-08;23:59:10;7;8,5
2020-04-09;00:05:10;6,8;8,4
2020-04-09;00:10:10;6,7;8,3
2020-04-09;00:15:10;6,5;8,1
2020-04-09;00:20:10;6,3;7,9
2020-04-09;00:25:10;6,3;7,9
2020-04-09;00:30:10;6,2;7,7
2020-04-09;00:35:10;6,1;7,6
2020-04-09;00:40:10;5,9;7,5
2020-04-09;00:45:10;5,8;7,3
2020-04-09;00:50:10;5,7;7,2
2020-04-09;00:55:10;5,7;7,1
2020-04-09;01:00:10;5,5;6,9
2020-04-09;01:05:10;5,4;6,8
2020-04-09;01:10:10;5,3;6,7
2020-04-09;01:15:10;5,1;6,6
2020-04-09;01:20:10;5;6,4
2020-04-09;01:25:10;4,9;6,2
2020-04-09;01:30:10;4,9;6,1
2020-04-09;01:35:10;4,8;5,9
2020-04-09;01:40:10;4,6;5,8
2020-04-09;01:45:10;4,5;5,7
2020-04-09;01:50:10;4,3;5,5
2020-04-09;01:55:10;4,2;5,4
2020-04-09;02:00:10;4,1;5,2
2020-04-09;02:05:10;4;5,2
2020-04-09;02:10:10;3,9;5,2
2020-04-09;02:15:10;3,8;5,1
2020-04-09;02:20:10;3,8;5,1
2020-04-09;02:25:10;3,7;5,2
2020-04-09;02:30:10;3,6;5
2020-04-09;02:35:10;3,5;4,8
2020-04-09;02:40:10;3,4;4,8
2020-04-09;02:45:10;3,3;4,6
2020-04-09;02:50:10;3,3;4,4
2020-04-09;02:55:10;3,3;4,3
2020-04-09;03:00:10;3,3;4,2
2020-04-09;03:05:10;3,2;4,1
2020-04-09;03:10:10;3,1;4
2020-04-09;03:15:10;3;3,9
2020-04-09;03:20:10;2,9;3,9
2020-04-09;03:25:10;2,8;3,9
2020-04-09;03:30:10;2,8;3,8
2020-04-09;03:35:10;2,8;3,7
2020-04-09;03:40:10;2,6;3,6
2020-04-09;03:45:10;2,5;3,4
2020-04-09;03:50:10;2,5;3,4
2020-04-09;03:55:10;2,4;3,3
2020-04-09;04:00:10;2,3;3,2
2020-04-09;04:05:10;2,3;3,1
2020-04-09;04:10:10;2,1;3
2020-04-09;04:15:10;2,2;3
2020-04-09;04:20:10;2;2,9
2020-04-09;04:25:10;1,9;2,8
2020-04-09;04:30:10;1,9;2,7
2020-04-09;04:35:10;1,8;2,6
2020-04-09;04:40:10;1,8;2,4
2020-04-09;04:45:10;1,7;2,5
2020-04-09;04:50:10;1,6;2,5
2020-04-09;04:55:10;1,6;2,5
2020-04-09;05:00:10;1,5;2,3
2020-04-09;05:05:10;1,4;2,2
2020-04-09;05:10:10;1,5;2,1
2020-04-09;05:15:10;1,3;2
2020-04-09;05:20:10;1,3;2
2020-04-09;05:25:10;1,3;2
2020-04-09;05:30:10;1,2;1,9
2020-04-09;05:35:10;1,2;1,9
2020-04-09;05:40:10;1;1,9
2020-04-09;05:45:10;1,1;1,9
2020-04-09;05:50:10;1;1,7
2020-04-09;05:55:10;1;1,7
2020-04-09;06:00:10;1;1,7
2020-04-09;06:05:10;0,9;1,6
2020-04-09;06:10:10;0,8;1,6
2020-04-09;06:15:10;0,8;1,6
2020-04-09;06:20:10;0,8;1,4
2020-04-09;06:25:10;0,7;1,3
2020-04-09;06:30:10;0,6;1,3
2020-04-09;06:35:10;0,6;1,4
2020-04-09;06:40:10;0,5;1,3
2020-04-09;06:45:10;0,6;1,3
2020-04-09;06:50:10;0,6;1,3
2020-04-09;06:55:10;0,7;1,4
2020-04-09;07:00:10;0,8;1,8
2020-04-09;07:05:10;1;2,3
2020-04-09;07:10:10;1,1;2,9
2020-04-09;07:15:10;1,3;3,3
2020-04-09;07:20:10;1,4;3,8
2020-04-09;07:25:10;1,7;4,2
2020-04-09;07:30:10;1,9;4,4
2020-04-09;07:35:10;2,2;4,8
2020-04-09;07:40:10;2,4;5,2
2020-04-09;07:45:10;2,9;5,7
2020-04-09;07:52:10;4,1;6,3
2020-04-09;07:57:10;5,8;6,8
2020-04-09;08:02:10;7,7;7,3
2020-04-09;08:07:10;9,9;7,9
2020-04-09;08:12:10;12,2;8,4
2020-04-09;08:17:10;14,7;8,9
2020-04-09;08:22:10;17,5;9,4
2020-04-09;08:27:10;20,3;10,2
2020-04-09;08:32:10;23,3;10,8
2020-04-09;08:37:10;26,5;11,4
2020-04-09;08:42:10;29,7;11,9
2020-04-09;08:47:10;33,1;12,4
2020-04-09;08:52:10;36,4;12,9
2020-04-09;08:57:10;40,1;13,4
2020-04-09;09:02:10;43,9;13,9
2020-04-09;09:07:10;47,7;14,4
2020-04-09;09:12:10;51,5;15
2020-04-09;09:17:10;55,3;15,4
2020-04-09;09:22:10;58,9;15,9
2020-04-09;09:27:10;70,1;16,2
2020-04-09;09:32:10;70,3;16,1
2020-04-09;09:37:10;55,3;16,4
2020-04-09;09:42:10;67,6;16,8
2020-04-09;09:47:10;54,3;16,9
2020-04-09;09:52:10;65,3;16,9
2020-04-09;09:57:10;54,5;17,1
2020-04-09;10:02:10;68;17,5
2020-04-09;10:07:10;57,4;18
2020-04-09;10:12:10;65,1;18,1
2020-04-09;10:17:10;61,4;18,4
2020-04-09;10:22:10;57,3;18,4
2020-04-09;10:27:10;70;18,5
2020-04-09;10:32:10;59,3;18,7
2020-04-09;10:37:10;64,6;19
2020-04-09;10:42:10;67,1;19,4
2020-04-09;10:47:10;58,2;19,8
2020-04-09;10:52:10;65,8;20,1
2020-04-09;10:57:10;68,3;20,4
2020-04-09;11:02:10;59,3;20,5
2020-04-09;11:07:10;61,4;20,8
2020-04-09;11:12:10;62,1;21,1
2020-04-09;11:17:10;62,9;21,4
2020-04-09;11:22:10;63,8;21,5
2020-04-09;11:27:10;64,8;22
2020-04-09;11:32:10;65,8;22,4
2020-04-09;11:37:10;66,7;22,4
2020-04-09;11:42:10;67,5;22,5
2020-04-09;11:47:10;68,3;22,6
2020-04-09;11:52:10;69,1;22,9
2020-04-09;11:57:10;70,1;23,1
2020-04-09;12:02:10;70,7;23,4
2020-04-09;12:07:10;71,6;23,4
2020-04-09;12:12:10;72,1;23,5
2020-04-09;12:17:10;72,8;23,5
2020-04-09;12:22:10;73,2;23,5
2020-04-09;12:27:10;73,1;23,7
2020-04-09;12:32:10;72,1;23,7
2020-04-09;12:37:10;71,4;23,8
2020-04-09;12:42:10;71,4;23,8
2020-04-09;12:47:10;71,2;23,9
2020-04-09;12:52:10;71,4;24,1
2020-04-09;12:57:10;71,4;24,2
2020-04-09;13:02:10;71,6;24,4
2020-04-09;13:07:10;72;24,6
2020-04-09;13:12:10;71,7;24,8
2020-04-09;13:17:10;72,2;24,7
2020-04-09;13:22:10;72,7;24,7
2020-04-09;13:27:10;73,2;24,5
2020-04-09;13:32:10;73,6;24,4
2020-04-09;13:37:10;74,1;24,4
2020-04-09;13:42:10;74,5;24,4
2020-04-09;13:47:10;74,8;24,6
2020-04-09;13:52:10;75,1;24,8
2020-04-09;13:57:10;75,2;24,9
2020-04-09;14:02:10;75,4;24,6
2020-04-09;14:07:10;75,7;24,3
2020-04-09;14:12:10;75,8;24,2
2020-04-09;14:17:10;76;24,3
2020-04-09;14:22:10;76,1;24,2
2020-04-09;14:27:10;75,6;23,9
2020-04-09;14:32:10;73,9;23,9
2020-04-09;14:37:10;72,6;23,9
2020-04-09;14:42:10;71,8;23,9
2020-04-09;14:47:10;70,9;23,7
2020-04-09;14:52:10;70,2;23,5
2020-04-09;14:57:10;69,6;23,4
2020-04-09;15:02:10;69,1;23,3
2020-04-09;15:07:10;68,7;23,3
2020-04-09;15:12:10;75,8;23,1
2020-04-09;15:17:10;68,9;23,3
2020-04-09;15:22:10;70,2;23,2
2020-04-09;15:27:10;76,8;22,8
2020-04-09;15:32:10;70,3;22,6
2020-04-09;15:37:10;69,3;22,7
2020-04-09;15:42:10;76,1;22,6
2020-04-09;15:51:00;74,6;22,5
2020-04-09;15:56:00;71,6;22,6
2020-04-09;16:01:00;67,3;22,4
2020-04-09;16:06:00;75,3;22,3
2020-04-09;16:11:00;68;22,3
2020-04-09;16:16:00;75;22,3
2020-04-09;16:21:00;68,2;22,2
2020-04-09;16:26:00;74,1;22,1
2020-04-09;16:31:00;65,6;21,9
2020-04-09;16:36:00;71,5;21,8
2020-04-09;16:41:00;74,1;21,6
2020-04-09;16:46:00;63,8;21,5
2020-04-09;16:51:00;67,9;21,4
2020-04-09;16:56:00;69,9;21,3
2020-04-09;17:01:00;69,6;21,2
2020-04-09;17:06:00;68,5;21,2
2020-04-09;17:11:00;67,2;21,1
2020-04-09;17:16:00;65,6;20,9
2020-04-09;17:21:00;63,9;20,8
2020-04-09;17:26:00;62;20,7
2020-04-09;17:31:00;60;20,6
2020-04-09;17:36:00;58,1;20,6
2020-04-09;17:41:00;56,5;20,4
2020-04-09;17:46:00;54,9;20,3
2020-04-09;17:53:00;52,5;19,9
2020-04-09;17:58:00;50,9;19,9
2020-04-09;18:03:00;49,2;19,9
2020-04-09;18:08:00;47,8;19,8
2020-04-09;18:13:00;46,2;19,7
2020-04-09;18:18:00;44,9;19,4
2020-04-09;18:23:00;43,6;19,4
2020-04-09;18:28:00;42,4;19,4
2020-04-09;18:33:00;41,4;19,2
2020-04-09;18:38:00;40,3;19,1
2020-04-09;18:43:00;39,5;19
2020-04-09;18:48:00;38,8;18,9
2020-04-09;18:53:00;37,8;18,8
2020-04-09;18:58:00;37,1;18,7
2020-04-09;19:03:00;36,4;18,6
2020-04-09;19:08:00;35,5;18,4
2020-04-09;19:13:00;34,7;18,3
2020-04-09;19:18:00;34;18,2
2020-04-09;19:23:00;33,3;17,9
2020-04-09;19:28:00;32,6;17,9
2020-04-09;19:33:00;31,9;17,7
2020-04-09;19:38:00;31,2;17,5
2020-04-09;19:43:00;30,5;17,3
2020-04-09;19:48:00;29,9;17,1
2020-04-09;19:53:00;29,3;16,9
2020-04-09;19:58:00;28,7;16,8
2020-04-09;20:03:00;27,8;16,6
2020-04-09;20:08:00;27,2;16,4
2020-04-09;20:13:00;26,5;16,3
2020-04-09;20:18:00;25,9;16,1
2020-04-09;20:23:00;25,3;16
2020-04-09;20:28:00;24,7;15,9
2020-04-09;20:33:00;23,8;15,8
2020-04-09;20:38:00;22,9;15,6
2020-04-09;20:43:00;21,9;15,4
2020-04-09;20:48:00;20,9;15,3
2020-04-09;20:53:00;19,8;15,1
2020-04-09;20:58:00;18,7;14,9
2020-04-09;21:03:00;17,9;14,8
2020-04-09;21:08:00;17,3;14,6
2020-04-09;21:13:00;16,9;14,4
2020-04-09;21:18:00;16,4;14,3
2020-04-09;21:23:00;16;14,2
2020-04-09;21:28:00;15,7;14
2020-04-09;21:33:00;15,4;13,9
2020-04-09;21:38:00;15;13,9
2020-04-09;21:43:00;14,8;13,7
2020-04-09;21:48:00;14,5;13,6
2020-04-09;21:53:00;14,4;13,5
2020-04-09;21:58:00;14,1;13,4
2020-04-09;22:03:00;14;13,4
2020-04-09;22:08:00;13,7;13,2
2020-04-09;22:13:00;13,5;13
2020-04-09;22:19:20;13,3;12,9
2020-04-09;22:24:20;13,2;12,7
2020-04-09;22:29:20;13;12,5
2020-04-09;22:34:20;12,8;12,4
2020-04-09;22:39:20;12,7;12,2
2020-04-09;22:44:20;12,6;12
2020-04-09;22:49:20;12,4;11,9
2020-04-09;22:54:20;12,3;11,8
2020-04-09;22:59:20;12,1;11,7
2020-04-09;23:04:20;12;11,6
2020-04-09;23:09:20;11,8;11,4
2020-04-09;23:14:20;11,7;11,4
2020-04-09;23:19:20;11,6;11,3
2020-04-09;23:24:20;11,5;11,1
2020-04-09;23:29:20;11,4;11,1
2020-04-09;23:34:20;11,3;11
2020-04-09;23:39:20;11,2;10,9
2020-04-09;23:44:20;11,1;10,9
2020-04-09;23:49:20;11;10,7
2020-04-09;23:54:20;11;10,7
2020-04-09;23:59:20;11;10,5
2020-04-10;00:04:20;10,8;10,5
2020-04-10;00:09:20;10,8;10,4
2020-04-10;00:14:20;10,7;10,4
2020-04-10;00:19:20;10,6;10,4
2020-04-10;00:24:20;10,5;10,3
2020-04-10;00:29:20;10,4;10,2
2020-04-10;00:34:20;10,4;10,1
2020-04-10;00:39:20;10,2;9,9
2020-04-10;00:44:20;10,1;9,9
2020-04-10;00:49:20;10;9,9
2020-04-10;00:54:20;9,9;9,9
2020-04-10;00:59:20;9,8;9,9
2020-04-10;01:04:20;9,7;9,8
2020-04-10;01:09:20;9,5;9,7
2020-04-10;01:14:20;9,5;9,5
2020-04-10;01:19:20;9,4;9,4
2020-04-10;01:24:20;9,3;9,4
2020-04-10;01:29:20;9,1;9,3
2020-04-10;01:34:20;9;9,1
2020-04-10;01:39:20;8,9;9,1
2020-04-10;01:44:20;8,8;9
2020-04-10;01:49:20;8,7;9
2020-04-10;01:54:20;8,6;9
2020-04-10;01:59:20;8,5;8,9
2020-04-10;02:04:20;8,4;8,9
2020-04-10;02:09:20;8,3;8,9
2020-04-10;02:14:20;8,3;8,8
2020-04-10;02:19:20;8,3;8,7
2020-04-10;02:24:20;8,2;8,6
2020-04-10;02:29:20;8,1;8,7
2020-04-10;02:34:20;8;8,6
2020-04-10;02:39:20;8;8,7
2020-04-10;02:44:20;7,9;8,6
2020-04-10;02:49:20;7,9;8,7
2020-04-10;02:54:20;7,8;8,8
2020-04-10;02:59:20;7,8;8,9
2020-04-10;03:04:20;7,8;9,2
2020-04-10;03:09:20;7,8;9,2
2020-04-10;03:14:20;7,8;9,2
2020-04-10;03:19:20;7,8;9,2
2020-04-10;03:24:20;7,8;9,2
2020-04-10;03:29:20;7,8;9,3
2020-04-10;03:34:20;7,8;9,3
2020-04-10;03:39:20;7,8;9,1
2020-04-10;03:44:20;7,8;8,9
2020-04-10;03:49:20;7,7;8,8
2020-04-10;03:54:20;7,6;8,7
2020-04-10;03:59:20;7,5;8,7
2020-04-10;04:04:20;7,5;8,6
2020-04-10;04:09:20;7,3;8,4
2020-04-10;04:14:20;7,4;8,4
2020-04-10;04:19:20;7,3;8,4
2020-04-10;04:24:20;7,3;8,4
2020-04-10;04:29:20;7,3;8,3
2020-04-10;04:34:20;7,2;8,4
2020-04-10;04:39:20;7,3;8,4
2020-04-10;04:44:20;7,2;8,4
2020-04-10;04:49:20;7,3;8,5
2020-04-10;04:54:20;7,3;8,6
2020-04-10;04:59:20;7,3;8,7
2020-04-10;05:04:20;7,3;8,7
2020-04-10;05:09:20;7,3;8,7
2020-04-10;05:14:20;7,5;8,7
2020-04-10;05:19:20;7,4;8,8
2020-04-10;05:24:20;7,6;8,8
2020-04-10;05:29:20;7,6;8,8
2020-04-10;05:34:20;7,6;8,8
2020-04-10;05:39:20;7,7;8,7
2020-04-10;05:44:20;7,7;8,8
2020-04-10;05:49:20;7,7;8,7
2020-04-10;05:54:20;7,6;8,7
2020-04-10;05:59:20;7,6;8,6
2020-04-10;06:04:20;7,6;8,6
2020-04-10;06:09:20;7,6;8,5
2020-04-10;06:14:20;7,5;8,5
2020-04-10;06:19:20;7,5;8,5
2020-04-10;06:24:20;7,4;8,4
2020-04-10;06:29:20;7,3;8,4
2020-04-10;06:34:20;7,3;8,3
2020-04-10;06:39:20;7,3;8,3
2020-04-10;06:44:20;7,3;8,4
2020-04-10;06:49:20;7,4;8,4
2020-04-10;06:54:20;7,6;8,4
2020-04-10;06:59:20;7,9;8,6
2020-04-10;07:04:20;8,2;8,9
2020-04-10;07:09:20;8,6;9
2020-04-10;07:14:20;9;9,1
2020-04-10;07:19:20;9,5;9,4
2020-04-10;07:24:20;10;9,7
2020-04-10;07:29:20;10,5;9,8
2020-04-10;07:34:20;11;10
2020-04-10;07:39:20;11,6;10,2
2020-04-10;07:44:20;12,4;10,3
2020-04-10;07:49:20;12,9;10,5
2020-04-10;07:57:20;15,2;11,6
2020-04-10;08:02:20;17,1;12,3
2020-04-10;08:07:20;18,6;12,7
2020-04-10;08:12:20;20,4;13,1
2020-04-10;08:17:20;22,4;13,5
2020-04-10;08:22:20;24,4;13,9
2020-04-10;08:27:20;26,4;14,4
2020-04-10;08:32:20;28,7;14,7
2020-04-10;08:37:20;31,3;14,9
2020-04-10;08:42:20;33,8;15,4
2020-04-10;08:47:20;36,7;15,9
2020-04-10;08:57:10;42,7;15,5
2020-04-10;09:02:10;44,9;15,7
2020-04-10;09:07:10;47,8;15,8
2020-04-10;09:12:10;51,2;16,4
2020-04-10;09:17:10;54,7;16,6
2020-04-10;09:22:10;56,5;16,9
2020-04-10;09:27:10;59,7;17,7
2020-04-10;09:32:10;64,1;17,8
2020-04-10;09:37:10;64,8;17,3
2020-04-10;09:42:10;68,1;16,4
2020-04-10;09:47:10;82,5;16,9
2020-04-10;09:52:10;59,6;17,7
2020-04-10;09:57:10;70,6;18,3
2020-04-10;10:02:10;60;18,6
2020-04-10;10:07:10;71,3;18,3
2020-04-10;10:12:10;61,2;18,3
2020-04-10;10:17:10;73,3;18,1
2020-04-10;10:22:10;65,6;18,4
2020-04-10;10:27:10;60,3;18,4
2020-04-10;10:32:10;71,5;19,1
2020-04-10;10:37:10;65,5;18,9
2020-04-10;10:42:10;61;18,4
2020-04-10;10:47:10;72,6;18,8
2020-04-10;10:52:10;65,8;19,7
2020-04-10;10:57:10;62,3;20,1
2020-04-10;11:02:10;73,2;18,4
2020-04-10;11:07:10;65,6;19,3
2020-04-10;11:12:10;59,6;19,7
2020-04-10;11:17:10;58,9;19,2
2020-04-10;11:22:10;74,6;19,9
2020-04-10;11:27:10;66,5;20,3
2020-04-10;11:32:10;67,6;20,6
2020-04-10;11:37:10;68,7;20,9
2020-04-10;11:42:10;69,9;21,3
2020-04-10;11:47:10;70,8;21,4
2020-04-10;11:52:10;71,4;21,9
2020-04-10;11:57:10;72,2;22
2020-04-10;12:02:10;72,7;21,9
2020-04-10;12:07:10;71,7;21,9
2020-04-10;12:12:10;70,9;21,8
2020-04-10;12:17:10;70,6;20,9
2020-04-10;12:22:10;70,5;20,3
2020-04-10;12:27:10;70,6;20,2
2020-04-10;12:32:10;70,5;20
2020-04-10;12:37:10;70,7;20,7
2020-04-10;12:42:10;70,7;20,9
2020-04-10;12:47:10;71,1;21,1
2020-04-10;12:52:10;72;21,2
2020-04-10;12:57:10;72,3;20,5
2020-04-10;13:02:10;72,9;21,3
2020-04-10;13:07:10;73,2;21
2020-04-10;13:12:10;73,4;20,6
2020-04-10;13:17:10;74,3;20,9
2020-04-10;13:22:10;74,8;21,2
2020-04-10;13:27:10;74,8;21,4
2020-04-10;13:32:10;75,3;21,5
2020-04-10;13:37:10;75,6;21,7
2020-04-10;13:42:10;76;21,6
2020-04-10;13:47:10;76,4;21,4
2020-04-10;13:52:10;76,6;21,8
2020-04-10;13:57:10;76,8;21,9
2020-04-10;14:02:10;77,2;21,9
2020-04-10;14:11:00;76,1;22,3
2020-04-10;14:16:00;74,5;22,4
2020-04-10;14:21:00;73,2;21,4
2020-04-10;14:26:00;72,5;21,3
2020-04-10;14:31:00;71,6;21,4
2020-04-10;14:36:00;71,4;21,5
2020-04-10;14:41:00;71,2;21,7
2020-04-10;14:46:00;70,6;21,8
2020-04-10;14:51:00;72,4;21,9
2020-04-10;14:56:00;79,3;21,9
2020-04-10;15:01:00;74,2;20,9
2020-04-10;15:06:00;70,1;20,6
2020-04-10;15:11:00;79;21,2
2020-04-10;15:16:00;74,6;21
2020-04-10;15:21:00;70,3;20,9
2020-04-10;15:26:00;78,3;20,5
2020-04-10;15:31:00;73,9;20,7
2020-04-10;15:36:00;69;20,5
2020-04-10;15:41:00;78;20,5
2020-04-10;15:46:00;72;20,7
2020-04-10;15:53:10;70;20,7
2020-04-10;15:58:10;75,3;20,5
2020-04-10;16:03:10;73,1;20,5
2020-04-10;16:08:10;69,8;20,5
2020-04-10;16:13:10;72,8;20,5
2020-04-10;16:18:10;77,3;19,9
2020-04-10;16:23:10;67,7;19,8
